depth,batch,batch_label,alpha,lr,step,progress,loss,score,result_json
d12,524288,512K,0.5,0.0075,0,0.0,10.397432327270508,0.8160663614002971,search_evals/sweep_prefix_002_d12_2x/top_aware_k1_a0p5_bsz524288_lr0p0075_s42/result.json
d12,524288,512K,0.5,0.0075,50,0.007716049382716049,6.5471796481042075,0.8160663614002971,search_evals/sweep_prefix_002_d12_2x/top_aware_k1_a0p5_bsz524288_lr0p0075_s42/result.json
d12,524288,512K,0.5,0.0075,100,0.015432098765432098,5.668262914301606,0.8160663614002971,search_evals/sweep_prefix_002_d12_2x/top_aware_k1_a0p5_bsz524288_lr0p0075_s42/result.json
d12,524288,512K,0.5,0.0075,150,0.023148148148148147,5.24834937654117,0.8160663614002971,search_evals/sweep_prefix_002_d12_2x/top_aware_k1_a0p5_bsz524288_lr0p0075_s42/result.json
d12,524288,512K,0.5,0.0075,200,0.030864197530864196,4.65755932926422,0.8160663614002971,search_evals/sweep_prefix_002_d12_2x/top_aware_k1_a0p5_bsz524288_lr0p0075_s42/result.json
d12,524288,512K,0.5,0.0075,250,0.038580246913580245,4.2312392358536,0.8160663614002971,search_evals/sweep_prefix_002_d12_2x/top_aware_k1_a0p5_bsz524288_lr0p0075_s42/result.json
d12,524288,512K,0.5,0.0075,300,0.046296296296296294,3.9396380223828245,0.8160663614002971,search_evals/sweep_prefix_002_d12_2x/top_aware_k1_a0p5_bsz524288_lr0p0075_s42/result.json
d12,524288,512K,0.5,0.0075,350,0.05401234567901234,3.750255085800706,0.8160663614002971,search_evals/sweep_prefix_002_d12_2x/top_aware_k1_a0p5_bsz524288_lr0p0075_s42/result.json
d12,524288,512K,0.5,0.0075,400,0.06172839506172839,3.6009549510094927,0.8160663614002971,search_evals/sweep_prefix_002_d12_2x/top_aware_k1_a0p5_bsz524288_lr0p0075_s42/result.json
d12,524288,512K,0.5,0.0075,450,0.06944444444444445,3.5094752146111525,0.8160663614002971,search_evals/sweep_prefix_002_d12_2x/top_aware_k1_a0p5_bsz524288_lr0p0075_s42/result.json
d12,524288,512K,0.5,0.0075,500,0.07716049382716049,3.4491392514155153,0.8160663614002971,search_evals/sweep_prefix_002_d12_2x/top_aware_k1_a0p5_bsz524288_lr0p0075_s42/result.json
d12,524288,512K,0.5,0.0075,550,0.08487654320987655,3.3904614946541765,0.8160663614002971,search_evals/sweep_prefix_002_d12_2x/top_aware_k1_a0p5_bsz524288_lr0p0075_s42/result.json
d12,524288,512K,0.5,0.0075,600,0.09259259259259259,3.35008353643196,0.8160663614002971,search_evals/sweep_prefix_002_d12_2x/top_aware_k1_a0p5_bsz524288_lr0p0075_s42/result.json
d12,524288,512K,0.5,0.0075,650,0.10030864197530864,3.3232328840013885,0.8160663614002971,search_evals/sweep_prefix_002_d12_2x/top_aware_k1_a0p5_bsz524288_lr0p0075_s42/result.json
d12,524288,512K,0.5,0.0075,700,0.10802469135802469,3.293920249331242,0.8160663614002971,search_evals/sweep_prefix_002_d12_2x/top_aware_k1_a0p5_bsz524288_lr0p0075_s42/result.json
d12,524288,512K,0.5,0.0075,750,0.11574074074074074,3.272378581308807,0.8160663614002971,search_evals/sweep_prefix_002_d12_2x/top_aware_k1_a0p5_bsz524288_lr0p0075_s42/result.json
d12,524288,512K,0.5,0.0075,800,0.12345679012345678,3.2586051957243645,0.8160663614002971,search_evals/sweep_prefix_002_d12_2x/top_aware_k1_a0p5_bsz524288_lr0p0075_s42/result.json
d12,524288,512K,0.5,0.0075,850,0.13117283950617284,3.233767379045786,0.8160663614002971,search_evals/sweep_prefix_002_d12_2x/top_aware_k1_a0p5_bsz524288_lr0p0075_s42/result.json
d12,524288,512K,0.5,0.0075,900,0.1388888888888889,3.2300184821544526,0.8160663614002971,search_evals/sweep_prefix_002_d12_2x/top_aware_k1_a0p5_bsz524288_lr0p0075_s42/result.json
d12,524288,512K,0.5,0.0075,950,0.14660493827160495,3.1983507090545076,0.8160663614002971,search_evals/sweep_prefix_002_d12_2x/top_aware_k1_a0p5_bsz524288_lr0p0075_s42/result.json
d12,524288,512K,0.5,0.0075,1000,0.15432098765432098,3.1940695377381383,0.8160663614002971,search_evals/sweep_prefix_002_d12_2x/top_aware_k1_a0p5_bsz524288_lr0p0075_s42/result.json
d12,524288,512K,0.5,0.0075,1050,0.16203703703703703,3.193874774972678,0.8160663614002971,search_evals/sweep_prefix_002_d12_2x/top_aware_k1_a0p5_bsz524288_lr0p0075_s42/result.json
d12,524288,512K,0.5,0.0075,1100,0.1697530864197531,3.174845670670359,0.8160663614002971,search_evals/sweep_prefix_002_d12_2x/top_aware_k1_a0p5_bsz524288_lr0p0075_s42/result.json
d12,524288,512K,0.5,0.0075,1150,0.17746913580246915,3.1703281305645024,0.8160663614002971,search_evals/sweep_prefix_002_d12_2x/top_aware_k1_a0p5_bsz524288_lr0p0075_s42/result.json
d12,524288,512K,0.5,0.0075,1200,0.18518518518518517,3.158747719659146,0.8160663614002971,search_evals/sweep_prefix_002_d12_2x/top_aware_k1_a0p5_bsz524288_lr0p0075_s42/result.json
d12,524288,512K,0.5,0.0075,1250,0.19290123456790123,3.1519575976660588,0.8160663614002971,search_evals/sweep_prefix_002_d12_2x/top_aware_k1_a0p5_bsz524288_lr0p0075_s42/result.json
d12,524288,512K,0.5,0.0075,1300,0.2006172839506173,3.1531024788701156,0.8160663614002971,search_evals/sweep_prefix_002_d12_2x/top_aware_k1_a0p5_bsz524288_lr0p0075_s42/result.json
d12,524288,512K,0.5,0.0075,1350,0.20833333333333334,3.1296002623037347,0.8160663614002971,search_evals/sweep_prefix_002_d12_2x/top_aware_k1_a0p5_bsz524288_lr0p0075_s42/result.json
d12,524288,512K,0.5,0.0075,1400,0.21604938271604937,3.131531160614199,0.8160663614002971,search_evals/sweep_prefix_002_d12_2x/top_aware_k1_a0p5_bsz524288_lr0p0075_s42/result.json
d12,524288,512K,0.5,0.0075,1450,0.22376543209876543,3.1151411306535612,0.8160663614002971,search_evals/sweep_prefix_002_d12_2x/top_aware_k1_a0p5_bsz524288_lr0p0075_s42/result.json
d12,524288,512K,0.5,0.0075,1500,0.23148148148148148,3.1183252554284,0.8160663614002971,search_evals/sweep_prefix_002_d12_2x/top_aware_k1_a0p5_bsz524288_lr0p0075_s42/result.json
d12,524288,512K,0.5,0.0075,1550,0.23919753086419754,3.123351060172626,0.8160663614002971,search_evals/sweep_prefix_002_d12_2x/top_aware_k1_a0p5_bsz524288_lr0p0075_s42/result.json
d12,524288,512K,0.5,0.0075,1600,0.24691358024691357,3.1157285819406377,0.8160663614002971,search_evals/sweep_prefix_002_d12_2x/top_aware_k1_a0p5_bsz524288_lr0p0075_s42/result.json
d12,524288,512K,0.5,0.0075,1650,0.25462962962962965,3.101648328749542,0.8160663614002971,search_evals/sweep_prefix_002_d12_2x/top_aware_k1_a0p5_bsz524288_lr0p0075_s42/result.json
d12,524288,512K,0.5,0.0075,1700,0.2623456790123457,3.0978550355453893,0.8160663614002971,search_evals/sweep_prefix_002_d12_2x/top_aware_k1_a0p5_bsz524288_lr0p0075_s42/result.json
d12,524288,512K,0.5,0.0075,1750,0.2700617283950617,3.0930001271939003,0.8160663614002971,search_evals/sweep_prefix_002_d12_2x/top_aware_k1_a0p5_bsz524288_lr0p0075_s42/result.json
d12,524288,512K,0.5,0.0075,1800,0.2777777777777778,3.0944970993942147,0.8160663614002971,search_evals/sweep_prefix_002_d12_2x/top_aware_k1_a0p5_bsz524288_lr0p0075_s42/result.json
d12,524288,512K,0.5,0.0075,1850,0.2854938271604938,3.082963582092233,0.8160663614002971,search_evals/sweep_prefix_002_d12_2x/top_aware_k1_a0p5_bsz524288_lr0p0075_s42/result.json
d12,524288,512K,0.5,0.0075,1900,0.2932098765432099,3.087724049715037,0.8160663614002971,search_evals/sweep_prefix_002_d12_2x/top_aware_k1_a0p5_bsz524288_lr0p0075_s42/result.json
d12,524288,512K,0.5,0.0075,1950,0.30092592592592593,3.0785929692784872,0.8160663614002971,search_evals/sweep_prefix_002_d12_2x/top_aware_k1_a0p5_bsz524288_lr0p0075_s42/result.json
d12,524288,512K,0.5,0.0075,2000,0.30864197530864196,3.0740417390798047,0.8160663614002971,search_evals/sweep_prefix_002_d12_2x/top_aware_k1_a0p5_bsz524288_lr0p0075_s42/result.json
d12,524288,512K,0.5,0.0075,2050,0.31635802469135804,3.074103474842549,0.8160663614002971,search_evals/sweep_prefix_002_d12_2x/top_aware_k1_a0p5_bsz524288_lr0p0075_s42/result.json
d12,524288,512K,0.5,0.0075,2100,0.32407407407407407,3.0632326336076505,0.8160663614002971,search_evals/sweep_prefix_002_d12_2x/top_aware_k1_a0p5_bsz524288_lr0p0075_s42/result.json
d12,524288,512K,0.5,0.0075,2150,0.3317901234567901,3.062735871562587,0.8160663614002971,search_evals/sweep_prefix_002_d12_2x/top_aware_k1_a0p5_bsz524288_lr0p0075_s42/result.json
d12,524288,512K,0.5,0.0075,2200,0.3395061728395062,3.0613032523801653,0.8160663614002971,search_evals/sweep_prefix_002_d12_2x/top_aware_k1_a0p5_bsz524288_lr0p0075_s42/result.json
d12,524288,512K,0.5,0.0075,2250,0.3472222222222222,3.061536752591467,0.8160663614002971,search_evals/sweep_prefix_002_d12_2x/top_aware_k1_a0p5_bsz524288_lr0p0075_s42/result.json
d12,524288,512K,0.5,0.0075,2300,0.3549382716049383,3.0563281499841715,0.8160663614002971,search_evals/sweep_prefix_002_d12_2x/top_aware_k1_a0p5_bsz524288_lr0p0075_s42/result.json
d12,524288,512K,0.5,0.0075,2350,0.3626543209876543,3.0441558269036606,0.8160663614002971,search_evals/sweep_prefix_002_d12_2x/top_aware_k1_a0p5_bsz524288_lr0p0075_s42/result.json
d12,524288,512K,0.5,0.0075,2400,0.37037037037037035,3.0422836105125306,0.8160663614002971,search_evals/sweep_prefix_002_d12_2x/top_aware_k1_a0p5_bsz524288_lr0p0075_s42/result.json
d12,524288,512K,0.5,0.0075,2450,0.37808641975308643,3.0330555014035077,0.8160663614002971,search_evals/sweep_prefix_002_d12_2x/top_aware_k1_a0p5_bsz524288_lr0p0075_s42/result.json
d12,524288,512K,0.5,0.0075,2500,0.38580246913580246,3.030483915905969,0.8160663614002971,search_evals/sweep_prefix_002_d12_2x/top_aware_k1_a0p5_bsz524288_lr0p0075_s42/result.json
d12,524288,512K,0.5,0.0075,2550,0.39351851851851855,3.015776220745463,0.8160663614002971,search_evals/sweep_prefix_002_d12_2x/top_aware_k1_a0p5_bsz524288_lr0p0075_s42/result.json
d12,524288,512K,0.5,0.0075,2600,0.4012345679012346,3.0134637305353023,0.8160663614002971,search_evals/sweep_prefix_002_d12_2x/top_aware_k1_a0p5_bsz524288_lr0p0075_s42/result.json
d12,524288,512K,0.5,0.0075,2650,0.4089506172839506,3.0090598034065454,0.8160663614002971,search_evals/sweep_prefix_002_d12_2x/top_aware_k1_a0p5_bsz524288_lr0p0075_s42/result.json
d12,524288,512K,0.5,0.0075,2700,0.4166666666666667,3.006772696318341,0.8160663614002971,search_evals/sweep_prefix_002_d12_2x/top_aware_k1_a0p5_bsz524288_lr0p0075_s42/result.json
d12,524288,512K,0.5,0.0075,2750,0.4243827160493827,3.0012507189508066,0.8160663614002971,search_evals/sweep_prefix_002_d12_2x/top_aware_k1_a0p5_bsz524288_lr0p0075_s42/result.json
d12,524288,512K,0.5,0.0075,2800,0.43209876543209874,2.992943231807785,0.8160663614002971,search_evals/sweep_prefix_002_d12_2x/top_aware_k1_a0p5_bsz524288_lr0p0075_s42/result.json
d12,524288,512K,0.5,0.0075,2850,0.4398148148148148,2.997593263609809,0.8160663614002971,search_evals/sweep_prefix_002_d12_2x/top_aware_k1_a0p5_bsz524288_lr0p0075_s42/result.json
d12,524288,512K,0.5,0.0075,2900,0.44753086419753085,2.9881166224275857,0.8160663614002971,search_evals/sweep_prefix_002_d12_2x/top_aware_k1_a0p5_bsz524288_lr0p0075_s42/result.json
d12,524288,512K,0.5,0.0075,2950,0.45524691358024694,2.98625499283491,0.8160663614002971,search_evals/sweep_prefix_002_d12_2x/top_aware_k1_a0p5_bsz524288_lr0p0075_s42/result.json
d12,524288,512K,0.5,0.0075,3000,0.46296296296296297,2.9808320623268862,0.8160663614002971,search_evals/sweep_prefix_002_d12_2x/top_aware_k1_a0p5_bsz524288_lr0p0075_s42/result.json
d12,524288,512K,0.5,0.0075,3050,0.470679012345679,2.9705624751230904,0.8160663614002971,search_evals/sweep_prefix_002_d12_2x/top_aware_k1_a0p5_bsz524288_lr0p0075_s42/result.json
d12,524288,512K,0.5,0.0075,3100,0.4783950617283951,2.9714945595950644,0.8160663614002971,search_evals/sweep_prefix_002_d12_2x/top_aware_k1_a0p5_bsz524288_lr0p0075_s42/result.json
d12,524288,512K,0.5,0.0075,3150,0.4861111111111111,2.9629869882520286,0.8160663614002971,search_evals/sweep_prefix_002_d12_2x/top_aware_k1_a0p5_bsz524288_lr0p0075_s42/result.json
d12,524288,512K,0.5,0.0075,3200,0.49382716049382713,2.9615073347488066,0.8160663614002971,search_evals/sweep_prefix_002_d12_2x/top_aware_k1_a0p5_bsz524288_lr0p0075_s42/result.json
d12,524288,512K,0.5,0.0075,3250,0.5015432098765432,2.9598656777291605,0.8160663614002971,search_evals/sweep_prefix_002_d12_2x/top_aware_k1_a0p5_bsz524288_lr0p0075_s42/result.json
d12,524288,512K,0.5,0.0075,3300,0.5092592592592593,2.947423151149082,0.8160663614002971,search_evals/sweep_prefix_002_d12_2x/top_aware_k1_a0p5_bsz524288_lr0p0075_s42/result.json
d12,524288,512K,0.5,0.0075,3350,0.5169753086419753,2.9476329438175957,0.8160663614002971,search_evals/sweep_prefix_002_d12_2x/top_aware_k1_a0p5_bsz524288_lr0p0075_s42/result.json
d12,524288,512K,0.5,0.0075,3400,0.5246913580246914,2.932686608983414,0.8160663614002971,search_evals/sweep_prefix_002_d12_2x/top_aware_k1_a0p5_bsz524288_lr0p0075_s42/result.json
d12,524288,512K,0.5,0.0075,3450,0.5324074074074074,2.9296576182700145,0.8160663614002971,search_evals/sweep_prefix_002_d12_2x/top_aware_k1_a0p5_bsz524288_lr0p0075_s42/result.json
d12,524288,512K,0.5,0.0075,3500,0.5401234567901234,2.926635135818905,0.8160663614002971,search_evals/sweep_prefix_002_d12_2x/top_aware_k1_a0p5_bsz524288_lr0p0075_s42/result.json
d12,524288,512K,0.5,0.0075,3550,0.5478395061728395,2.9302327920552056,0.8160663614002971,search_evals/sweep_prefix_002_d12_2x/top_aware_k1_a0p5_bsz524288_lr0p0075_s42/result.json
d12,524288,512K,0.5,0.0075,3600,0.5555555555555556,2.9220995158779672,0.8160663614002971,search_evals/sweep_prefix_002_d12_2x/top_aware_k1_a0p5_bsz524288_lr0p0075_s42/result.json
d12,524288,512K,0.5,0.0075,3650,0.5632716049382716,2.9188497204918913,0.8160663614002971,search_evals/sweep_prefix_002_d12_2x/top_aware_k1_a0p5_bsz524288_lr0p0075_s42/result.json
d12,524288,512K,0.5,0.0075,3700,0.5709876543209876,2.9200772196331,0.8160663614002971,search_evals/sweep_prefix_002_d12_2x/top_aware_k1_a0p5_bsz524288_lr0p0075_s42/result.json
d12,524288,512K,0.5,0.0075,3750,0.5787037037037037,2.9109237299789528,0.8160663614002971,search_evals/sweep_prefix_002_d12_2x/top_aware_k1_a0p5_bsz524288_lr0p0075_s42/result.json
d12,524288,512K,0.5,0.0075,3800,0.5864197530864198,2.898402707274978,0.8160663614002971,search_evals/sweep_prefix_002_d12_2x/top_aware_k1_a0p5_bsz524288_lr0p0075_s42/result.json
d12,524288,512K,0.5,0.0075,3850,0.5941358024691358,2.901853343715409,0.8160663614002971,search_evals/sweep_prefix_002_d12_2x/top_aware_k1_a0p5_bsz524288_lr0p0075_s42/result.json
d12,524288,512K,0.5,0.0075,3900,0.6018518518518519,2.893360795288958,0.8160663614002971,search_evals/sweep_prefix_002_d12_2x/top_aware_k1_a0p5_bsz524288_lr0p0075_s42/result.json
d12,524288,512K,0.5,0.0075,3950,0.6095679012345679,2.88916093097607,0.8160663614002971,search_evals/sweep_prefix_002_d12_2x/top_aware_k1_a0p5_bsz524288_lr0p0075_s42/result.json
d12,524288,512K,0.5,0.0075,4000,0.6172839506172839,2.885976115633477,0.8160663614002971,search_evals/sweep_prefix_002_d12_2x/top_aware_k1_a0p5_bsz524288_lr0p0075_s42/result.json
d12,524288,512K,0.5,0.0075,4050,0.625,2.884483390400948,0.8160663614002971,search_evals/sweep_prefix_002_d12_2x/top_aware_k1_a0p5_bsz524288_lr0p0075_s42/result.json
d12,524288,512K,0.5,0.0075,4100,0.6327160493827161,2.8770577653160094,0.8160663614002971,search_evals/sweep_prefix_002_d12_2x/top_aware_k1_a0p5_bsz524288_lr0p0075_s42/result.json
d12,524288,512K,0.5,0.0075,4150,0.6404320987654321,2.8691663428677927,0.8160663614002971,search_evals/sweep_prefix_002_d12_2x/top_aware_k1_a0p5_bsz524288_lr0p0075_s42/result.json
d12,524288,512K,0.5,0.0075,4200,0.6481481481481481,2.867331744352991,0.8160663614002971,search_evals/sweep_prefix_002_d12_2x/top_aware_k1_a0p5_bsz524288_lr0p0075_s42/result.json
d12,524288,512K,0.5,0.0075,4250,0.6558641975308642,2.8634872972785543,0.8160663614002971,search_evals/sweep_prefix_002_d12_2x/top_aware_k1_a0p5_bsz524288_lr0p0075_s42/result.json
d12,524288,512K,0.5,0.0075,4300,0.6635802469135802,2.8660022991577128,0.8160663614002971,search_evals/sweep_prefix_002_d12_2x/top_aware_k1_a0p5_bsz524288_lr0p0075_s42/result.json
d12,524288,512K,0.5,0.0075,4350,0.6712962962962963,2.860411459935049,0.8160663614002971,search_evals/sweep_prefix_002_d12_2x/top_aware_k1_a0p5_bsz524288_lr0p0075_s42/result.json
d12,524288,512K,0.5,0.0075,4400,0.6790123456790124,2.849020175300202,0.8160663614002971,search_evals/sweep_prefix_002_d12_2x/top_aware_k1_a0p5_bsz524288_lr0p0075_s42/result.json
d12,524288,512K,0.5,0.0075,4450,0.6867283950617284,2.854592301970518,0.8160663614002971,search_evals/sweep_prefix_002_d12_2x/top_aware_k1_a0p5_bsz524288_lr0p0075_s42/result.json
d12,524288,512K,0.5,0.0075,4500,0.6944444444444444,2.848068780351707,0.8160663614002971,search_evals/sweep_prefix_002_d12_2x/top_aware_k1_a0p5_bsz524288_lr0p0075_s42/result.json
d12,524288,512K,0.5,0.0075,4550,0.7021604938271605,2.8419243390375706,0.8160663614002971,search_evals/sweep_prefix_002_d12_2x/top_aware_k1_a0p5_bsz524288_lr0p0075_s42/result.json
d12,524288,512K,0.5,0.0075,4600,0.7098765432098766,2.82918624082716,0.8160663614002971,search_evals/sweep_prefix_002_d12_2x/top_aware_k1_a0p5_bsz524288_lr0p0075_s42/result.json
d12,524288,512K,0.5,0.0075,4650,0.7175925925925926,2.831037482869809,0.8160663614002971,search_evals/sweep_prefix_002_d12_2x/top_aware_k1_a0p5_bsz524288_lr0p0075_s42/result.json
d12,524288,512K,0.5,0.0075,4700,0.7253086419753086,2.8266275348132215,0.8160663614002971,search_evals/sweep_prefix_002_d12_2x/top_aware_k1_a0p5_bsz524288_lr0p0075_s42/result.json
d12,524288,512K,0.5,0.0075,4750,0.7330246913580247,2.820747136130266,0.8160663614002971,search_evals/sweep_prefix_002_d12_2x/top_aware_k1_a0p5_bsz524288_lr0p0075_s42/result.json
d12,524288,512K,0.5,0.0075,4800,0.7407407407407407,2.8139015931508253,0.8160663614002971,search_evals/sweep_prefix_002_d12_2x/top_aware_k1_a0p5_bsz524288_lr0p0075_s42/result.json
d12,524288,512K,0.5,0.0075,4850,0.7484567901234568,2.80654010650189,0.8160663614002971,search_evals/sweep_prefix_002_d12_2x/top_aware_k1_a0p5_bsz524288_lr0p0075_s42/result.json
d12,524288,512K,0.5,0.0075,4900,0.7561728395061729,2.8087178971045073,0.8160663614002971,search_evals/sweep_prefix_002_d12_2x/top_aware_k1_a0p5_bsz524288_lr0p0075_s42/result.json
d12,524288,512K,0.5,0.0075,4950,0.7638888888888888,2.8008228676292397,0.8160663614002971,search_evals/sweep_prefix_002_d12_2x/top_aware_k1_a0p5_bsz524288_lr0p0075_s42/result.json
d12,524288,512K,0.5,0.0075,5000,0.7716049382716049,2.800288021876467,0.8160663614002971,search_evals/sweep_prefix_002_d12_2x/top_aware_k1_a0p5_bsz524288_lr0p0075_s42/result.json
d12,524288,512K,0.5,0.0075,5050,0.779320987654321,2.794329424878788,0.8160663614002971,search_evals/sweep_prefix_002_d12_2x/top_aware_k1_a0p5_bsz524288_lr0p0075_s42/result.json
d12,524288,512K,0.5,0.0075,5100,0.7870370370370371,2.7946832361090306,0.8160663614002971,search_evals/sweep_prefix_002_d12_2x/top_aware_k1_a0p5_bsz524288_lr0p0075_s42/result.json
d12,524288,512K,0.5,0.0075,5150,0.7947530864197531,2.7769931353828468,0.8160663614002971,search_evals/sweep_prefix_002_d12_2x/top_aware_k1_a0p5_bsz524288_lr0p0075_s42/result.json
d12,524288,512K,0.5,0.0075,5200,0.8024691358024691,2.7814828232404425,0.8160663614002971,search_evals/sweep_prefix_002_d12_2x/top_aware_k1_a0p5_bsz524288_lr0p0075_s42/result.json
d12,524288,512K,0.5,0.0075,5250,0.8101851851851852,2.7805533665087827,0.8160663614002971,search_evals/sweep_prefix_002_d12_2x/top_aware_k1_a0p5_bsz524288_lr0p0075_s42/result.json
d12,524288,512K,0.5,0.0075,5300,0.8179012345679012,2.778226328160825,0.8160663614002971,search_evals/sweep_prefix_002_d12_2x/top_aware_k1_a0p5_bsz524288_lr0p0075_s42/result.json
d12,524288,512K,0.5,0.0075,5350,0.8256172839506173,2.776494582404341,0.8160663614002971,search_evals/sweep_prefix_002_d12_2x/top_aware_k1_a0p5_bsz524288_lr0p0075_s42/result.json
d12,524288,512K,0.5,0.0075,5400,0.8333333333333334,2.780109777804748,0.8160663614002971,search_evals/sweep_prefix_002_d12_2x/top_aware_k1_a0p5_bsz524288_lr0p0075_s42/result.json
d12,524288,512K,0.5,0.0075,5450,0.8410493827160493,2.762680403954039,0.8160663614002971,search_evals/sweep_prefix_002_d12_2x/top_aware_k1_a0p5_bsz524288_lr0p0075_s42/result.json
d12,524288,512K,0.5,0.0075,5500,0.8487654320987654,2.762596557215324,0.8160663614002971,search_evals/sweep_prefix_002_d12_2x/top_aware_k1_a0p5_bsz524288_lr0p0075_s42/result.json
d12,524288,512K,0.5,0.0075,5550,0.8564814814814815,2.7613079765036663,0.8160663614002971,search_evals/sweep_prefix_002_d12_2x/top_aware_k1_a0p5_bsz524288_lr0p0075_s42/result.json
d12,524288,512K,0.5,0.0075,5600,0.8641975308641975,2.7462838213973924,0.8160663614002971,search_evals/sweep_prefix_002_d12_2x/top_aware_k1_a0p5_bsz524288_lr0p0075_s42/result.json
d12,524288,512K,0.5,0.0075,5650,0.8719135802469136,2.7487933528375033,0.8160663614002971,search_evals/sweep_prefix_002_d12_2x/top_aware_k1_a0p5_bsz524288_lr0p0075_s42/result.json
d12,524288,512K,0.5,0.0075,5700,0.8796296296296297,2.7466330605265057,0.8160663614002971,search_evals/sweep_prefix_002_d12_2x/top_aware_k1_a0p5_bsz524288_lr0p0075_s42/result.json
d12,524288,512K,0.5,0.0075,5750,0.8873456790123457,2.7468683844033523,0.8160663614002971,search_evals/sweep_prefix_002_d12_2x/top_aware_k1_a0p5_bsz524288_lr0p0075_s42/result.json
d12,524288,512K,0.5,0.0075,5800,0.8950617283950617,2.74797795258397,0.8160663614002971,search_evals/sweep_prefix_002_d12_2x/top_aware_k1_a0p5_bsz524288_lr0p0075_s42/result.json
d12,524288,512K,0.5,0.0075,5850,0.9027777777777778,2.735365206869769,0.8160663614002971,search_evals/sweep_prefix_002_d12_2x/top_aware_k1_a0p5_bsz524288_lr0p0075_s42/result.json
d12,524288,512K,0.5,0.0075,5900,0.9104938271604939,2.722839672785555,0.8160663614002971,search_evals/sweep_prefix_002_d12_2x/top_aware_k1_a0p5_bsz524288_lr0p0075_s42/result.json
d12,524288,512K,0.5,0.0075,5950,0.9182098765432098,2.7256277445038006,0.8160663614002971,search_evals/sweep_prefix_002_d12_2x/top_aware_k1_a0p5_bsz524288_lr0p0075_s42/result.json
d12,524288,512K,0.5,0.0075,6000,0.9259259259259259,2.7171152262466287,0.8160663614002971,search_evals/sweep_prefix_002_d12_2x/top_aware_k1_a0p5_bsz524288_lr0p0075_s42/result.json
d12,524288,512K,0.5,0.0075,6050,0.933641975308642,2.724353998575897,0.8160663614002971,search_evals/sweep_prefix_002_d12_2x/top_aware_k1_a0p5_bsz524288_lr0p0075_s42/result.json
d12,524288,512K,0.5,0.0075,6100,0.941358024691358,2.7159992825232138,0.8160663614002971,search_evals/sweep_prefix_002_d12_2x/top_aware_k1_a0p5_bsz524288_lr0p0075_s42/result.json
d12,524288,512K,0.5,0.0075,6150,0.9490740740740741,2.7125984182609995,0.8160663614002971,search_evals/sweep_prefix_002_d12_2x/top_aware_k1_a0p5_bsz524288_lr0p0075_s42/result.json
d12,524288,512K,0.5,0.0075,6200,0.9567901234567902,2.7198485621069692,0.8160663614002971,search_evals/sweep_prefix_002_d12_2x/top_aware_k1_a0p5_bsz524288_lr0p0075_s42/result.json
d12,524288,512K,0.5,0.0075,6250,0.9645061728395061,2.7056970549984456,0.8160663614002971,search_evals/sweep_prefix_002_d12_2x/top_aware_k1_a0p5_bsz524288_lr0p0075_s42/result.json
d12,524288,512K,0.5,0.0075,6300,0.9722222222222222,2.7105185208023865,0.8160663614002971,search_evals/sweep_prefix_002_d12_2x/top_aware_k1_a0p5_bsz524288_lr0p0075_s42/result.json
d12,524288,512K,0.5,0.0075,6350,0.9799382716049383,2.706421203254685,0.8160663614002971,search_evals/sweep_prefix_002_d12_2x/top_aware_k1_a0p5_bsz524288_lr0p0075_s42/result.json
d12,524288,512K,0.5,0.0075,6400,0.9876543209876543,2.7052450398706895,0.8160663614002971,search_evals/sweep_prefix_002_d12_2x/top_aware_k1_a0p5_bsz524288_lr0p0075_s42/result.json
d12,524288,512K,0.5,0.0075,6450,0.9953703703703703,2.700052980874962,0.8160663614002971,search_evals/sweep_prefix_002_d12_2x/top_aware_k1_a0p5_bsz524288_lr0p0075_s42/result.json
d12,524288,512K,1.0,0.0075,0,0.0,10.397432327270508,0.8149781054907281,search_evals/sweep_prefix_002_d12_2x/top_aware_k1_a1_bsz524288_lr0p0075_s42/result.json
d12,524288,512K,1.0,0.0075,50,0.007716049382716049,6.548593476619459,0.8149781054907281,search_evals/sweep_prefix_002_d12_2x/top_aware_k1_a1_bsz524288_lr0p0075_s42/result.json
d12,524288,512K,1.0,0.0075,100,0.015432098765432098,5.66900964378604,0.8149781054907281,search_evals/sweep_prefix_002_d12_2x/top_aware_k1_a1_bsz524288_lr0p0075_s42/result.json
d12,524288,512K,1.0,0.0075,150,0.023148148148148147,5.2888133029743,0.8149781054907281,search_evals/sweep_prefix_002_d12_2x/top_aware_k1_a1_bsz524288_lr0p0075_s42/result.json
d12,524288,512K,1.0,0.0075,200,0.030864197530864196,4.685362303831597,0.8149781054907281,search_evals/sweep_prefix_002_d12_2x/top_aware_k1_a1_bsz524288_lr0p0075_s42/result.json
d12,524288,512K,1.0,0.0075,250,0.038580246913580245,4.239824136143842,0.8149781054907281,search_evals/sweep_prefix_002_d12_2x/top_aware_k1_a1_bsz524288_lr0p0075_s42/result.json
d12,524288,512K,1.0,0.0075,300,0.046296296296296294,3.9446259916175763,0.8149781054907281,search_evals/sweep_prefix_002_d12_2x/top_aware_k1_a1_bsz524288_lr0p0075_s42/result.json
d12,524288,512K,1.0,0.0075,350,0.05401234567901234,3.747901370504575,0.8149781054907281,search_evals/sweep_prefix_002_d12_2x/top_aware_k1_a1_bsz524288_lr0p0075_s42/result.json
d12,524288,512K,1.0,0.0075,400,0.06172839506172839,3.598770599754715,0.8149781054907281,search_evals/sweep_prefix_002_d12_2x/top_aware_k1_a1_bsz524288_lr0p0075_s42/result.json
d12,524288,512K,1.0,0.0075,450,0.06944444444444445,3.510240425567101,0.8149781054907281,search_evals/sweep_prefix_002_d12_2x/top_aware_k1_a1_bsz524288_lr0p0075_s42/result.json
d12,524288,512K,1.0,0.0075,500,0.07716049382716049,3.4443848933900925,0.8149781054907281,search_evals/sweep_prefix_002_d12_2x/top_aware_k1_a1_bsz524288_lr0p0075_s42/result.json
d12,524288,512K,1.0,0.0075,550,0.08487654320987655,3.3902155759165264,0.8149781054907281,search_evals/sweep_prefix_002_d12_2x/top_aware_k1_a1_bsz524288_lr0p0075_s42/result.json
d12,524288,512K,1.0,0.0075,600,0.09259259259259259,3.349694221243605,0.8149781054907281,search_evals/sweep_prefix_002_d12_2x/top_aware_k1_a1_bsz524288_lr0p0075_s42/result.json
d12,524288,512K,1.0,0.0075,650,0.10030864197530864,3.323560186050147,0.8149781054907281,search_evals/sweep_prefix_002_d12_2x/top_aware_k1_a1_bsz524288_lr0p0075_s42/result.json
d12,524288,512K,1.0,0.0075,700,0.10802469135802469,3.2938074014756262,0.8149781054907281,search_evals/sweep_prefix_002_d12_2x/top_aware_k1_a1_bsz524288_lr0p0075_s42/result.json
d12,524288,512K,1.0,0.0075,750,0.11574074074074074,3.2708857226413803,0.8149781054907281,search_evals/sweep_prefix_002_d12_2x/top_aware_k1_a1_bsz524288_lr0p0075_s42/result.json
d12,524288,512K,1.0,0.0075,800,0.12345679012345678,3.2582680622828857,0.8149781054907281,search_evals/sweep_prefix_002_d12_2x/top_aware_k1_a1_bsz524288_lr0p0075_s42/result.json
d12,524288,512K,1.0,0.0075,850,0.13117283950617284,3.233082820919223,0.8149781054907281,search_evals/sweep_prefix_002_d12_2x/top_aware_k1_a1_bsz524288_lr0p0075_s42/result.json
d12,524288,512K,1.0,0.0075,900,0.1388888888888889,3.2258294185386234,0.8149781054907281,search_evals/sweep_prefix_002_d12_2x/top_aware_k1_a1_bsz524288_lr0p0075_s42/result.json
d12,524288,512K,1.0,0.0075,950,0.14660493827160495,3.1969824866468666,0.8149781054907281,search_evals/sweep_prefix_002_d12_2x/top_aware_k1_a1_bsz524288_lr0p0075_s42/result.json
d12,524288,512K,1.0,0.0075,1000,0.15432098765432098,3.1971353408122147,0.8149781054907281,search_evals/sweep_prefix_002_d12_2x/top_aware_k1_a1_bsz524288_lr0p0075_s42/result.json
d12,524288,512K,1.0,0.0075,1050,0.16203703703703703,3.1918840959979518,0.8149781054907281,search_evals/sweep_prefix_002_d12_2x/top_aware_k1_a1_bsz524288_lr0p0075_s42/result.json
d12,524288,512K,1.0,0.0075,1100,0.1697530864197531,3.171823463077825,0.8149781054907281,search_evals/sweep_prefix_002_d12_2x/top_aware_k1_a1_bsz524288_lr0p0075_s42/result.json
d12,524288,512K,1.0,0.0075,1150,0.17746913580246915,3.1683313423186847,0.8149781054907281,search_evals/sweep_prefix_002_d12_2x/top_aware_k1_a1_bsz524288_lr0p0075_s42/result.json
d12,524288,512K,1.0,0.0075,1200,0.18518518518518517,3.1544828910538985,0.8149781054907281,search_evals/sweep_prefix_002_d12_2x/top_aware_k1_a1_bsz524288_lr0p0075_s42/result.json
d12,524288,512K,1.0,0.0075,1250,0.19290123456790123,3.1502920664088565,0.8149781054907281,search_evals/sweep_prefix_002_d12_2x/top_aware_k1_a1_bsz524288_lr0p0075_s42/result.json
d12,524288,512K,1.0,0.0075,1300,0.2006172839506173,3.1502721205265973,0.8149781054907281,search_evals/sweep_prefix_002_d12_2x/top_aware_k1_a1_bsz524288_lr0p0075_s42/result.json
d12,524288,512K,1.0,0.0075,1350,0.20833333333333334,3.126909052095316,0.8149781054907281,search_evals/sweep_prefix_002_d12_2x/top_aware_k1_a1_bsz524288_lr0p0075_s42/result.json
d12,524288,512K,1.0,0.0075,1400,0.21604938271604937,3.1281945781072427,0.8149781054907281,search_evals/sweep_prefix_002_d12_2x/top_aware_k1_a1_bsz524288_lr0p0075_s42/result.json
d12,524288,512K,1.0,0.0075,1450,0.22376543209876543,3.1116495415605954,0.8149781054907281,search_evals/sweep_prefix_002_d12_2x/top_aware_k1_a1_bsz524288_lr0p0075_s42/result.json
d12,524288,512K,1.0,0.0075,1500,0.23148148148148148,3.116245371210609,0.8149781054907281,search_evals/sweep_prefix_002_d12_2x/top_aware_k1_a1_bsz524288_lr0p0075_s42/result.json
d12,524288,512K,1.0,0.0075,1550,0.23919753086419754,3.118412575345575,0.8149781054907281,search_evals/sweep_prefix_002_d12_2x/top_aware_k1_a1_bsz524288_lr0p0075_s42/result.json
d12,524288,512K,1.0,0.0075,1600,0.24691358024691357,3.110735870464497,0.8149781054907281,search_evals/sweep_prefix_002_d12_2x/top_aware_k1_a1_bsz524288_lr0p0075_s42/result.json
d12,524288,512K,1.0,0.0075,1650,0.25462962962962965,3.0987239781234504,0.8149781054907281,search_evals/sweep_prefix_002_d12_2x/top_aware_k1_a1_bsz524288_lr0p0075_s42/result.json
d12,524288,512K,1.0,0.0075,1700,0.2623456790123457,3.093061101063893,0.8149781054907281,search_evals/sweep_prefix_002_d12_2x/top_aware_k1_a1_bsz524288_lr0p0075_s42/result.json
d12,524288,512K,1.0,0.0075,1750,0.2700617283950617,3.0905263863230203,0.8149781054907281,search_evals/sweep_prefix_002_d12_2x/top_aware_k1_a1_bsz524288_lr0p0075_s42/result.json
d12,524288,512K,1.0,0.0075,1800,0.2777777777777778,3.092092289978956,0.8149781054907281,search_evals/sweep_prefix_002_d12_2x/top_aware_k1_a1_bsz524288_lr0p0075_s42/result.json
d12,524288,512K,1.0,0.0075,1850,0.2854938271604938,3.079956020327856,0.8149781054907281,search_evals/sweep_prefix_002_d12_2x/top_aware_k1_a1_bsz524288_lr0p0075_s42/result.json
d12,524288,512K,1.0,0.0075,1900,0.2932098765432099,3.0849653649344972,0.8149781054907281,search_evals/sweep_prefix_002_d12_2x/top_aware_k1_a1_bsz524288_lr0p0075_s42/result.json
d12,524288,512K,1.0,0.0075,1950,0.30092592592592593,3.0755102889060577,0.8149781054907281,search_evals/sweep_prefix_002_d12_2x/top_aware_k1_a1_bsz524288_lr0p0075_s42/result.json
d12,524288,512K,1.0,0.0075,2000,0.30864197530864196,3.071862625467361,0.8149781054907281,search_evals/sweep_prefix_002_d12_2x/top_aware_k1_a1_bsz524288_lr0p0075_s42/result.json
d12,524288,512K,1.0,0.0075,2050,0.31635802469135804,3.0708394069032616,0.8149781054907281,search_evals/sweep_prefix_002_d12_2x/top_aware_k1_a1_bsz524288_lr0p0075_s42/result.json
d12,524288,512K,1.0,0.0075,2100,0.32407407407407407,3.0596463088629218,0.8149781054907281,search_evals/sweep_prefix_002_d12_2x/top_aware_k1_a1_bsz524288_lr0p0075_s42/result.json
d12,524288,512K,1.0,0.0075,2150,0.3317901234567901,3.0585864746056513,0.8149781054907281,search_evals/sweep_prefix_002_d12_2x/top_aware_k1_a1_bsz524288_lr0p0075_s42/result.json
d12,524288,512K,1.0,0.0075,2200,0.3395061728395062,3.0594049878562375,0.8149781054907281,search_evals/sweep_prefix_002_d12_2x/top_aware_k1_a1_bsz524288_lr0p0075_s42/result.json
d12,524288,512K,1.0,0.0075,2250,0.3472222222222222,3.0571964862109398,0.8149781054907281,search_evals/sweep_prefix_002_d12_2x/top_aware_k1_a1_bsz524288_lr0p0075_s42/result.json
d12,524288,512K,1.0,0.0075,2300,0.3549382716049383,3.051357080112201,0.8149781054907281,search_evals/sweep_prefix_002_d12_2x/top_aware_k1_a1_bsz524288_lr0p0075_s42/result.json
d12,524288,512K,1.0,0.0075,2350,0.3626543209876543,3.0416745076576186,0.8149781054907281,search_evals/sweep_prefix_002_d12_2x/top_aware_k1_a1_bsz524288_lr0p0075_s42/result.json
d12,524288,512K,1.0,0.0075,2400,0.37037037037037035,3.0378524545367354,0.8149781054907281,search_evals/sweep_prefix_002_d12_2x/top_aware_k1_a1_bsz524288_lr0p0075_s42/result.json
d12,524288,512K,1.0,0.0075,2450,0.37808641975308643,3.029615544536001,0.8149781054907281,search_evals/sweep_prefix_002_d12_2x/top_aware_k1_a1_bsz524288_lr0p0075_s42/result.json
d12,524288,512K,1.0,0.0075,2500,0.38580246913580246,3.0285262564109416,0.8149781054907281,search_evals/sweep_prefix_002_d12_2x/top_aware_k1_a1_bsz524288_lr0p0075_s42/result.json
d12,524288,512K,1.0,0.0075,2550,0.39351851851851855,3.012169991536952,0.8149781054907281,search_evals/sweep_prefix_002_d12_2x/top_aware_k1_a1_bsz524288_lr0p0075_s42/result.json
d12,524288,512K,1.0,0.0075,2600,0.4012345679012346,3.009584306051965,0.8149781054907281,search_evals/sweep_prefix_002_d12_2x/top_aware_k1_a1_bsz524288_lr0p0075_s42/result.json
d12,524288,512K,1.0,0.0075,2650,0.4089506172839506,3.0050808909991598,0.8149781054907281,search_evals/sweep_prefix_002_d12_2x/top_aware_k1_a1_bsz524288_lr0p0075_s42/result.json
d12,524288,512K,1.0,0.0075,2700,0.4166666666666667,3.0036838671477857,0.8149781054907281,search_evals/sweep_prefix_002_d12_2x/top_aware_k1_a1_bsz524288_lr0p0075_s42/result.json
d12,524288,512K,1.0,0.0075,2750,0.4243827160493827,2.9979815657585873,0.8149781054907281,search_evals/sweep_prefix_002_d12_2x/top_aware_k1_a1_bsz524288_lr0p0075_s42/result.json
d12,524288,512K,1.0,0.0075,2800,0.43209876543209874,2.9883658876659402,0.8149781054907281,search_evals/sweep_prefix_002_d12_2x/top_aware_k1_a1_bsz524288_lr0p0075_s42/result.json
d12,524288,512K,1.0,0.0075,2850,0.4398148148148148,2.99352459107253,0.8149781054907281,search_evals/sweep_prefix_002_d12_2x/top_aware_k1_a1_bsz524288_lr0p0075_s42/result.json
d12,524288,512K,1.0,0.0075,2900,0.44753086419753085,2.983467835553763,0.8149781054907281,search_evals/sweep_prefix_002_d12_2x/top_aware_k1_a1_bsz524288_lr0p0075_s42/result.json
d12,524288,512K,1.0,0.0075,2950,0.45524691358024694,2.98273853047775,0.8149781054907281,search_evals/sweep_prefix_002_d12_2x/top_aware_k1_a1_bsz524288_lr0p0075_s42/result.json
d12,524288,512K,1.0,0.0075,3000,0.46296296296296297,2.9762236353388847,0.8149781054907281,search_evals/sweep_prefix_002_d12_2x/top_aware_k1_a1_bsz524288_lr0p0075_s42/result.json
d12,524288,512K,1.0,0.0075,3050,0.470679012345679,2.967541872329414,0.8149781054907281,search_evals/sweep_prefix_002_d12_2x/top_aware_k1_a1_bsz524288_lr0p0075_s42/result.json
d12,524288,512K,1.0,0.0075,3100,0.4783950617283951,2.968828629165896,0.8149781054907281,search_evals/sweep_prefix_002_d12_2x/top_aware_k1_a1_bsz524288_lr0p0075_s42/result.json
d12,524288,512K,1.0,0.0075,3150,0.4861111111111111,2.958488779041308,0.8149781054907281,search_evals/sweep_prefix_002_d12_2x/top_aware_k1_a1_bsz524288_lr0p0075_s42/result.json
d12,524288,512K,1.0,0.0075,3200,0.49382716049382713,2.9581537749993565,0.8149781054907281,search_evals/sweep_prefix_002_d12_2x/top_aware_k1_a1_bsz524288_lr0p0075_s42/result.json
d12,524288,512K,1.0,0.0075,3250,0.5015432098765432,2.955977492461582,0.8149781054907281,search_evals/sweep_prefix_002_d12_2x/top_aware_k1_a1_bsz524288_lr0p0075_s42/result.json
d12,524288,512K,1.0,0.0075,3300,0.5092592592592593,2.9438875286012136,0.8149781054907281,search_evals/sweep_prefix_002_d12_2x/top_aware_k1_a1_bsz524288_lr0p0075_s42/result.json
d12,524288,512K,1.0,0.0075,3350,0.5169753086419753,2.943785740502331,0.8149781054907281,search_evals/sweep_prefix_002_d12_2x/top_aware_k1_a1_bsz524288_lr0p0075_s42/result.json
d12,524288,512K,1.0,0.0075,3400,0.5246913580246914,2.929106763292428,0.8149781054907281,search_evals/sweep_prefix_002_d12_2x/top_aware_k1_a1_bsz524288_lr0p0075_s42/result.json
d12,524288,512K,1.0,0.0075,3450,0.5324074074074074,2.9260038703785876,0.8149781054907281,search_evals/sweep_prefix_002_d12_2x/top_aware_k1_a1_bsz524288_lr0p0075_s42/result.json
d12,524288,512K,1.0,0.0075,3500,0.5401234567901234,2.9237931249882987,0.8149781054907281,search_evals/sweep_prefix_002_d12_2x/top_aware_k1_a1_bsz524288_lr0p0075_s42/result.json
d12,524288,512K,1.0,0.0075,3550,0.5478395061728395,2.9256391399881574,0.8149781054907281,search_evals/sweep_prefix_002_d12_2x/top_aware_k1_a1_bsz524288_lr0p0075_s42/result.json
d12,524288,512K,1.0,0.0075,3600,0.5555555555555556,2.9167478114485026,0.8149781054907281,search_evals/sweep_prefix_002_d12_2x/top_aware_k1_a1_bsz524288_lr0p0075_s42/result.json
d12,524288,512K,1.0,0.0075,3650,0.5632716049382716,2.916606168320872,0.8149781054907281,search_evals/sweep_prefix_002_d12_2x/top_aware_k1_a1_bsz524288_lr0p0075_s42/result.json
d12,524288,512K,1.0,0.0075,3700,0.5709876543209876,2.9165523890965543,0.8149781054907281,search_evals/sweep_prefix_002_d12_2x/top_aware_k1_a1_bsz524288_lr0p0075_s42/result.json
d12,524288,512K,1.0,0.0075,3750,0.5787037037037037,2.9078306865984405,0.8149781054907281,search_evals/sweep_prefix_002_d12_2x/top_aware_k1_a1_bsz524288_lr0p0075_s42/result.json
d12,524288,512K,1.0,0.0075,3800,0.5864197530864198,2.895712581660316,0.8149781054907281,search_evals/sweep_prefix_002_d12_2x/top_aware_k1_a1_bsz524288_lr0p0075_s42/result.json
d12,524288,512K,1.0,0.0075,3850,0.5941358024691358,2.8986163296708454,0.8149781054907281,search_evals/sweep_prefix_002_d12_2x/top_aware_k1_a1_bsz524288_lr0p0075_s42/result.json
d12,524288,512K,1.0,0.0075,3900,0.6018518518518519,2.88951408295846,0.8149781054907281,search_evals/sweep_prefix_002_d12_2x/top_aware_k1_a1_bsz524288_lr0p0075_s42/result.json
d12,524288,512K,1.0,0.0075,3950,0.6095679012345679,2.8851953304777114,0.8149781054907281,search_evals/sweep_prefix_002_d12_2x/top_aware_k1_a1_bsz524288_lr0p0075_s42/result.json
d12,524288,512K,1.0,0.0075,4000,0.6172839506172839,2.8826362657322138,0.8149781054907281,search_evals/sweep_prefix_002_d12_2x/top_aware_k1_a1_bsz524288_lr0p0075_s42/result.json
d12,524288,512K,1.0,0.0075,4050,0.625,2.880609523448243,0.8149781054907281,search_evals/sweep_prefix_002_d12_2x/top_aware_k1_a1_bsz524288_lr0p0075_s42/result.json
d12,524288,512K,1.0,0.0075,4100,0.6327160493827161,2.873869762568777,0.8149781054907281,search_evals/sweep_prefix_002_d12_2x/top_aware_k1_a1_bsz524288_lr0p0075_s42/result.json
d12,524288,512K,1.0,0.0075,4150,0.6404320987654321,2.8658132458985346,0.8149781054907281,search_evals/sweep_prefix_002_d12_2x/top_aware_k1_a1_bsz524288_lr0p0075_s42/result.json
d12,524288,512K,1.0,0.0075,4200,0.6481481481481481,2.86405526361691,0.8149781054907281,search_evals/sweep_prefix_002_d12_2x/top_aware_k1_a1_bsz524288_lr0p0075_s42/result.json
d12,524288,512K,1.0,0.0075,4250,0.6558641975308642,2.8607131778998887,0.8149781054907281,search_evals/sweep_prefix_002_d12_2x/top_aware_k1_a1_bsz524288_lr0p0075_s42/result.json
d12,524288,512K,1.0,0.0075,4300,0.6635802469135802,2.8629768032118106,0.8149781054907281,search_evals/sweep_prefix_002_d12_2x/top_aware_k1_a1_bsz524288_lr0p0075_s42/result.json
d12,524288,512K,1.0,0.0075,4350,0.6712962962962963,2.8570605678846026,0.8149781054907281,search_evals/sweep_prefix_002_d12_2x/top_aware_k1_a1_bsz524288_lr0p0075_s42/result.json
d12,524288,512K,1.0,0.0075,4400,0.6790123456790124,2.8445144475870068,0.8149781054907281,search_evals/sweep_prefix_002_d12_2x/top_aware_k1_a1_bsz524288_lr0p0075_s42/result.json
d12,524288,512K,1.0,0.0075,4450,0.6867283950617284,2.8508790149489807,0.8149781054907281,search_evals/sweep_prefix_002_d12_2x/top_aware_k1_a1_bsz524288_lr0p0075_s42/result.json
d12,524288,512K,1.0,0.0075,4500,0.6944444444444444,2.845208104283825,0.8149781054907281,search_evals/sweep_prefix_002_d12_2x/top_aware_k1_a1_bsz524288_lr0p0075_s42/result.json
d12,524288,512K,1.0,0.0075,4550,0.7021604938271605,2.8385664279765805,0.8149781054907281,search_evals/sweep_prefix_002_d12_2x/top_aware_k1_a1_bsz524288_lr0p0075_s42/result.json
d12,524288,512K,1.0,0.0075,4600,0.7098765432098766,2.82575221858344,0.8149781054907281,search_evals/sweep_prefix_002_d12_2x/top_aware_k1_a1_bsz524288_lr0p0075_s42/result.json
d12,524288,512K,1.0,0.0075,4650,0.7175925925925926,2.8272522924276564,0.8149781054907281,search_evals/sweep_prefix_002_d12_2x/top_aware_k1_a1_bsz524288_lr0p0075_s42/result.json
d12,524288,512K,1.0,0.0075,4700,0.7253086419753086,2.823523313740503,0.8149781054907281,search_evals/sweep_prefix_002_d12_2x/top_aware_k1_a1_bsz524288_lr0p0075_s42/result.json
d12,524288,512K,1.0,0.0075,4750,0.7330246913580247,2.817514731921203,0.8149781054907281,search_evals/sweep_prefix_002_d12_2x/top_aware_k1_a1_bsz524288_lr0p0075_s42/result.json
d12,524288,512K,1.0,0.0075,4800,0.7407407407407407,2.810379367544139,0.8149781054907281,search_evals/sweep_prefix_002_d12_2x/top_aware_k1_a1_bsz524288_lr0p0075_s42/result.json
d12,524288,512K,1.0,0.0075,4850,0.7484567901234568,2.802953775837409,0.8149781054907281,search_evals/sweep_prefix_002_d12_2x/top_aware_k1_a1_bsz524288_lr0p0075_s42/result.json
d12,524288,512K,1.0,0.0075,4900,0.7561728395061729,2.8057752240880767,0.8149781054907281,search_evals/sweep_prefix_002_d12_2x/top_aware_k1_a1_bsz524288_lr0p0075_s42/result.json
d12,524288,512K,1.0,0.0075,4950,0.7638888888888888,2.7973754419745918,0.8149781054907281,search_evals/sweep_prefix_002_d12_2x/top_aware_k1_a1_bsz524288_lr0p0075_s42/result.json
d12,524288,512K,1.0,0.0075,5000,0.7716049382716049,2.7969398151201723,0.8149781054907281,search_evals/sweep_prefix_002_d12_2x/top_aware_k1_a1_bsz524288_lr0p0075_s42/result.json
d12,524288,512K,1.0,0.0075,5050,0.779320987654321,2.7912682388125933,0.8149781054907281,search_evals/sweep_prefix_002_d12_2x/top_aware_k1_a1_bsz524288_lr0p0075_s42/result.json
d12,524288,512K,1.0,0.0075,5100,0.7870370370370371,2.7913478937685636,0.8149781054907281,search_evals/sweep_prefix_002_d12_2x/top_aware_k1_a1_bsz524288_lr0p0075_s42/result.json
d12,524288,512K,1.0,0.0075,5150,0.7947530864197531,2.7738182566385587,0.8149781054907281,search_evals/sweep_prefix_002_d12_2x/top_aware_k1_a1_bsz524288_lr0p0075_s42/result.json
d12,524288,512K,1.0,0.0075,5200,0.8024691358024691,2.777815035909913,0.8149781054907281,search_evals/sweep_prefix_002_d12_2x/top_aware_k1_a1_bsz524288_lr0p0075_s42/result.json
d12,524288,512K,1.0,0.0075,5250,0.8101851851851852,2.7771087885064674,0.8149781054907281,search_evals/sweep_prefix_002_d12_2x/top_aware_k1_a1_bsz524288_lr0p0075_s42/result.json
d12,524288,512K,1.0,0.0075,5300,0.8179012345679012,2.7750410848440223,0.8149781054907281,search_evals/sweep_prefix_002_d12_2x/top_aware_k1_a1_bsz524288_lr0p0075_s42/result.json
d12,524288,512K,1.0,0.0075,5350,0.8256172839506173,2.7731785526648913,0.8149781054907281,search_evals/sweep_prefix_002_d12_2x/top_aware_k1_a1_bsz524288_lr0p0075_s42/result.json
d12,524288,512K,1.0,0.0075,5400,0.8333333333333334,2.7763243802498474,0.8149781054907281,search_evals/sweep_prefix_002_d12_2x/top_aware_k1_a1_bsz524288_lr0p0075_s42/result.json
d12,524288,512K,1.0,0.0075,5450,0.8410493827160493,2.7594884755014997,0.8149781054907281,search_evals/sweep_prefix_002_d12_2x/top_aware_k1_a1_bsz524288_lr0p0075_s42/result.json
d12,524288,512K,1.0,0.0075,5500,0.8487654320987654,2.7599178139621294,0.8149781054907281,search_evals/sweep_prefix_002_d12_2x/top_aware_k1_a1_bsz524288_lr0p0075_s42/result.json
d12,524288,512K,1.0,0.0075,5550,0.8564814814814815,2.7579196175553795,0.8149781054907281,search_evals/sweep_prefix_002_d12_2x/top_aware_k1_a1_bsz524288_lr0p0075_s42/result.json
d12,524288,512K,1.0,0.0075,5600,0.8641975308641975,2.743008060403503,0.8149781054907281,search_evals/sweep_prefix_002_d12_2x/top_aware_k1_a1_bsz524288_lr0p0075_s42/result.json
d12,524288,512K,1.0,0.0075,5650,0.8719135802469136,2.745504177389234,0.8149781054907281,search_evals/sweep_prefix_002_d12_2x/top_aware_k1_a1_bsz524288_lr0p0075_s42/result.json
d12,524288,512K,1.0,0.0075,5700,0.8796296296296297,2.743503073325157,0.8149781054907281,search_evals/sweep_prefix_002_d12_2x/top_aware_k1_a1_bsz524288_lr0p0075_s42/result.json
d12,524288,512K,1.0,0.0075,5750,0.8873456790123457,2.743835733224371,0.8149781054907281,search_evals/sweep_prefix_002_d12_2x/top_aware_k1_a1_bsz524288_lr0p0075_s42/result.json
d12,524288,512K,1.0,0.0075,5800,0.8950617283950617,2.744772449551113,0.8149781054907281,search_evals/sweep_prefix_002_d12_2x/top_aware_k1_a1_bsz524288_lr0p0075_s42/result.json
d12,524288,512K,1.0,0.0075,5850,0.9027777777777778,2.7324600999235185,0.8149781054907281,search_evals/sweep_prefix_002_d12_2x/top_aware_k1_a1_bsz524288_lr0p0075_s42/result.json
d12,524288,512K,1.0,0.0075,5900,0.9104938271604939,2.720041634037147,0.8149781054907281,search_evals/sweep_prefix_002_d12_2x/top_aware_k1_a1_bsz524288_lr0p0075_s42/result.json
d12,524288,512K,1.0,0.0075,5950,0.9182098765432098,2.7226176653795697,0.8149781054907281,search_evals/sweep_prefix_002_d12_2x/top_aware_k1_a1_bsz524288_lr0p0075_s42/result.json
d12,524288,512K,1.0,0.0075,6000,0.9259259259259259,2.713977825767008,0.8149781054907281,search_evals/sweep_prefix_002_d12_2x/top_aware_k1_a1_bsz524288_lr0p0075_s42/result.json
d12,524288,512K,1.0,0.0075,6050,0.933641975308642,2.7212246484548466,0.8149781054907281,search_evals/sweep_prefix_002_d12_2x/top_aware_k1_a1_bsz524288_lr0p0075_s42/result.json
d12,524288,512K,1.0,0.0075,6100,0.941358024691358,2.713390360203927,0.8149781054907281,search_evals/sweep_prefix_002_d12_2x/top_aware_k1_a1_bsz524288_lr0p0075_s42/result.json
d12,524288,512K,1.0,0.0075,6150,0.9490740740740741,2.7097322832238198,0.8149781054907281,search_evals/sweep_prefix_002_d12_2x/top_aware_k1_a1_bsz524288_lr0p0075_s42/result.json
d12,524288,512K,1.0,0.0075,6200,0.9567901234567902,2.716687625169713,0.8149781054907281,search_evals/sweep_prefix_002_d12_2x/top_aware_k1_a1_bsz524288_lr0p0075_s42/result.json
d12,524288,512K,1.0,0.0075,6250,0.9645061728395061,2.7026438335336187,0.8149781054907281,search_evals/sweep_prefix_002_d12_2x/top_aware_k1_a1_bsz524288_lr0p0075_s42/result.json
d12,524288,512K,1.0,0.0075,6300,0.9722222222222222,2.70741955108479,0.8149781054907281,search_evals/sweep_prefix_002_d12_2x/top_aware_k1_a1_bsz524288_lr0p0075_s42/result.json
d12,524288,512K,1.0,0.0075,6350,0.9799382716049383,2.7032038931280953,0.8149781054907281,search_evals/sweep_prefix_002_d12_2x/top_aware_k1_a1_bsz524288_lr0p0075_s42/result.json
d12,524288,512K,1.0,0.0075,6400,0.9876543209876543,2.7015979384982605,0.8149781054907281,search_evals/sweep_prefix_002_d12_2x/top_aware_k1_a1_bsz524288_lr0p0075_s42/result.json
d12,524288,512K,1.0,0.0075,6450,0.9953703703703703,2.6971273148626342,0.8149781054907281,search_evals/sweep_prefix_002_d12_2x/top_aware_k1_a1_bsz524288_lr0p0075_s42/result.json
d12,2097152,2M,0.5,0.02,0,0.0,10.397481918334961,0.8337885788173034,search_evals/sweep_prefix_002_d12_2x/top_aware_k1_a0p5_bsz2097152_lr0p02_s42/result.json
d12,2097152,2M,0.5,0.02,50,0.030864197530864196,5.4547237216654985,0.8337885788173034,search_evals/sweep_prefix_002_d12_2x/top_aware_k1_a0p5_bsz2097152_lr0p02_s42/result.json
d12,2097152,2M,0.5,0.02,100,0.06172839506172839,4.2760427516722475,0.8337885788173034,search_evals/sweep_prefix_002_d12_2x/top_aware_k1_a0p5_bsz2097152_lr0p02_s42/result.json
d12,2097152,2M,0.5,0.02,150,0.09259259259259259,3.766331603571366,0.8337885788173034,search_evals/sweep_prefix_002_d12_2x/top_aware_k1_a0p5_bsz2097152_lr0p02_s42/result.json
d12,2097152,2M,0.5,0.02,200,0.12345679012345678,3.59504703182557,0.8337885788173034,search_evals/sweep_prefix_002_d12_2x/top_aware_k1_a0p5_bsz2097152_lr0p02_s42/result.json
d12,2097152,2M,0.5,0.02,250,0.15432098765432098,3.4944853016253474,0.8337885788173034,search_evals/sweep_prefix_002_d12_2x/top_aware_k1_a0p5_bsz2097152_lr0p02_s42/result.json
d12,2097152,2M,0.5,0.02,300,0.18518518518518517,3.4195251061373497,0.8337885788173034,search_evals/sweep_prefix_002_d12_2x/top_aware_k1_a0p5_bsz2097152_lr0p02_s42/result.json
d12,2097152,2M,0.5,0.02,350,0.21604938271604937,3.363668503623196,0.8337885788173034,search_evals/sweep_prefix_002_d12_2x/top_aware_k1_a0p5_bsz2097152_lr0p02_s42/result.json
d12,2097152,2M,0.5,0.02,400,0.24691358024691357,3.317105092201817,0.8337885788173034,search_evals/sweep_prefix_002_d12_2x/top_aware_k1_a0p5_bsz2097152_lr0p02_s42/result.json
d12,2097152,2M,0.5,0.02,450,0.2777777777777778,3.2604684854890627,0.8337885788173034,search_evals/sweep_prefix_002_d12_2x/top_aware_k1_a0p5_bsz2097152_lr0p02_s42/result.json
d12,2097152,2M,0.5,0.02,500,0.30864197530864196,3.2300871864910983,0.8337885788173034,search_evals/sweep_prefix_002_d12_2x/top_aware_k1_a0p5_bsz2097152_lr0p02_s42/result.json
d12,2097152,2M,0.5,0.02,550,0.3395061728395062,3.208583399456023,0.8337885788173034,search_evals/sweep_prefix_002_d12_2x/top_aware_k1_a0p5_bsz2097152_lr0p02_s42/result.json
d12,2097152,2M,0.5,0.02,600,0.37037037037037035,3.1909983215292255,0.8337885788173034,search_evals/sweep_prefix_002_d12_2x/top_aware_k1_a0p5_bsz2097152_lr0p02_s42/result.json
d12,2097152,2M,0.5,0.02,650,0.4012345679012346,3.155001674662049,0.8337885788173034,search_evals/sweep_prefix_002_d12_2x/top_aware_k1_a0p5_bsz2097152_lr0p02_s42/result.json
d12,2097152,2M,0.5,0.02,700,0.43209876543209874,3.1300799003822677,0.8337885788173034,search_evals/sweep_prefix_002_d12_2x/top_aware_k1_a0p5_bsz2097152_lr0p02_s42/result.json
d12,2097152,2M,0.5,0.02,750,0.46296296296296297,3.111136230411919,0.8337885788173034,search_evals/sweep_prefix_002_d12_2x/top_aware_k1_a0p5_bsz2097152_lr0p02_s42/result.json
d12,2097152,2M,0.5,0.02,800,0.49382716049382713,3.0847572321550762,0.8337885788173034,search_evals/sweep_prefix_002_d12_2x/top_aware_k1_a0p5_bsz2097152_lr0p02_s42/result.json
d12,2097152,2M,0.5,0.02,850,0.5246913580246914,3.056197359719932,0.8337885788173034,search_evals/sweep_prefix_002_d12_2x/top_aware_k1_a0p5_bsz2097152_lr0p02_s42/result.json
d12,2097152,2M,0.5,0.02,900,0.5555555555555556,3.035544879413112,0.8337885788173034,search_evals/sweep_prefix_002_d12_2x/top_aware_k1_a0p5_bsz2097152_lr0p02_s42/result.json
d12,2097152,2M,0.5,0.02,950,0.5864197530864198,3.0124102380873086,0.8337885788173034,search_evals/sweep_prefix_002_d12_2x/top_aware_k1_a0p5_bsz2097152_lr0p02_s42/result.json
d12,2097152,2M,0.5,0.02,1000,0.6172839506172839,2.988505309971096,0.8337885788173034,search_evals/sweep_prefix_002_d12_2x/top_aware_k1_a0p5_bsz2097152_lr0p02_s42/result.json
d12,2097152,2M,0.5,0.02,1050,0.6481481481481481,2.962226450401501,0.8337885788173034,search_evals/sweep_prefix_002_d12_2x/top_aware_k1_a0p5_bsz2097152_lr0p02_s42/result.json
d12,2097152,2M,0.5,0.02,1100,0.6790123456790124,2.9441821353996147,0.8337885788173034,search_evals/sweep_prefix_002_d12_2x/top_aware_k1_a0p5_bsz2097152_lr0p02_s42/result.json
d12,2097152,2M,0.5,0.02,1150,0.7098765432098766,2.9152097693814953,0.8337885788173034,search_evals/sweep_prefix_002_d12_2x/top_aware_k1_a0p5_bsz2097152_lr0p02_s42/result.json
d12,2097152,2M,0.5,0.02,1200,0.7407407407407407,2.897757777102995,0.8337885788173034,search_evals/sweep_prefix_002_d12_2x/top_aware_k1_a0p5_bsz2097152_lr0p02_s42/result.json
d12,2097152,2M,0.5,0.02,1250,0.7716049382716049,2.8747732841643936,0.8337885788173034,search_evals/sweep_prefix_002_d12_2x/top_aware_k1_a0p5_bsz2097152_lr0p02_s42/result.json
d12,2097152,2M,0.5,0.02,1300,0.8024691358024691,2.851732556686939,0.8337885788173034,search_evals/sweep_prefix_002_d12_2x/top_aware_k1_a0p5_bsz2097152_lr0p02_s42/result.json
d12,2097152,2M,0.5,0.02,1350,0.8333333333333334,2.8399019825577883,0.8337885788173034,search_evals/sweep_prefix_002_d12_2x/top_aware_k1_a0p5_bsz2097152_lr0p02_s42/result.json
d12,2097152,2M,0.5,0.02,1400,0.8641975308641975,2.8139828958084547,0.8337885788173034,search_evals/sweep_prefix_002_d12_2x/top_aware_k1_a0p5_bsz2097152_lr0p02_s42/result.json
d12,2097152,2M,0.5,0.02,1450,0.8950617283950617,2.806731616646584,0.8337885788173034,search_evals/sweep_prefix_002_d12_2x/top_aware_k1_a0p5_bsz2097152_lr0p02_s42/result.json
d12,2097152,2M,0.5,0.02,1500,0.9259259259259259,2.780276869988866,0.8337885788173034,search_evals/sweep_prefix_002_d12_2x/top_aware_k1_a0p5_bsz2097152_lr0p02_s42/result.json
d12,2097152,2M,0.5,0.02,1550,0.9567901234567902,2.7743692031057527,0.8337885788173034,search_evals/sweep_prefix_002_d12_2x/top_aware_k1_a0p5_bsz2097152_lr0p02_s42/result.json
d12,2097152,2M,0.5,0.02,1600,0.9876543209876543,2.762584528051112,0.8337885788173034,search_evals/sweep_prefix_002_d12_2x/top_aware_k1_a0p5_bsz2097152_lr0p02_s42/result.json
d12,2097152,2M,1.0,0.015,0,0.0,10.397481918334961,0.8345332359837353,search_evals/sweep_prefix_002_d12_2x/top_aware_k1_a1_bsz2097152_lr0p015_s42/result.json
d12,2097152,2M,1.0,0.015,50,0.030864197530864196,5.5550473933824716,0.8345332359837353,search_evals/sweep_prefix_002_d12_2x/top_aware_k1_a1_bsz2097152_lr0p015_s42/result.json
d12,2097152,2M,1.0,0.015,100,0.06172839506172839,4.5101152395941675,0.8345332359837353,search_evals/sweep_prefix_002_d12_2x/top_aware_k1_a1_bsz2097152_lr0p015_s42/result.json
d12,2097152,2M,1.0,0.015,150,0.09259259259259259,3.8418876227507908,0.8345332359837353,search_evals/sweep_prefix_002_d12_2x/top_aware_k1_a1_bsz2097152_lr0p015_s42/result.json
d12,2097152,2M,1.0,0.015,200,0.12345679012345678,3.6123539622133247,0.8345332359837353,search_evals/sweep_prefix_002_d12_2x/top_aware_k1_a1_bsz2097152_lr0p015_s42/result.json
d12,2097152,2M,1.0,0.015,250,0.15432098765432098,3.4884883816945087,0.8345332359837353,search_evals/sweep_prefix_002_d12_2x/top_aware_k1_a1_bsz2097152_lr0p015_s42/result.json
d12,2097152,2M,1.0,0.015,300,0.18518518518518517,3.405836309094354,0.8345332359837353,search_evals/sweep_prefix_002_d12_2x/top_aware_k1_a1_bsz2097152_lr0p015_s42/result.json
d12,2097152,2M,1.0,0.015,350,0.21604938271604937,3.345119335952043,0.8345332359837353,search_evals/sweep_prefix_002_d12_2x/top_aware_k1_a1_bsz2097152_lr0p015_s42/result.json
d12,2097152,2M,1.0,0.015,400,0.24691358024691357,3.2904029530651497,0.8345332359837353,search_evals/sweep_prefix_002_d12_2x/top_aware_k1_a1_bsz2097152_lr0p015_s42/result.json
d12,2097152,2M,1.0,0.015,450,0.2777777777777778,3.2428522972595535,0.8345332359837353,search_evals/sweep_prefix_002_d12_2x/top_aware_k1_a1_bsz2097152_lr0p015_s42/result.json
d12,2097152,2M,1.0,0.015,500,0.30864197530864196,3.201094187482494,0.8345332359837353,search_evals/sweep_prefix_002_d12_2x/top_aware_k1_a1_bsz2097152_lr0p015_s42/result.json
d12,2097152,2M,1.0,0.015,550,0.3395061728395062,3.1714801993780743,0.8345332359837353,search_evals/sweep_prefix_002_d12_2x/top_aware_k1_a1_bsz2097152_lr0p015_s42/result.json
d12,2097152,2M,1.0,0.015,600,0.37037037037037035,3.154572460429458,0.8345332359837353,search_evals/sweep_prefix_002_d12_2x/top_aware_k1_a1_bsz2097152_lr0p015_s42/result.json
d12,2097152,2M,1.0,0.015,650,0.4012345679012346,3.1199133626050943,0.8345332359837353,search_evals/sweep_prefix_002_d12_2x/top_aware_k1_a1_bsz2097152_lr0p015_s42/result.json
d12,2097152,2M,1.0,0.015,700,0.43209876543209874,3.0961655573101967,0.8345332359837353,search_evals/sweep_prefix_002_d12_2x/top_aware_k1_a1_bsz2097152_lr0p015_s42/result.json
d12,2097152,2M,1.0,0.015,750,0.46296296296296297,3.07541400121116,0.8345332359837353,search_evals/sweep_prefix_002_d12_2x/top_aware_k1_a1_bsz2097152_lr0p015_s42/result.json
d12,2097152,2M,1.0,0.015,800,0.49382716049382713,3.0536439342875576,0.8345332359837353,search_evals/sweep_prefix_002_d12_2x/top_aware_k1_a1_bsz2097152_lr0p015_s42/result.json
d12,2097152,2M,1.0,0.015,850,0.5246913580246914,3.0279543349718456,0.8345332359837353,search_evals/sweep_prefix_002_d12_2x/top_aware_k1_a1_bsz2097152_lr0p015_s42/result.json
d12,2097152,2M,1.0,0.015,900,0.5555555555555556,3.005013839169605,0.8345332359837353,search_evals/sweep_prefix_002_d12_2x/top_aware_k1_a1_bsz2097152_lr0p015_s42/result.json
d12,2097152,2M,1.0,0.015,950,0.5864197530864198,2.9843807253360697,0.8345332359837353,search_evals/sweep_prefix_002_d12_2x/top_aware_k1_a1_bsz2097152_lr0p015_s42/result.json
d12,2097152,2M,1.0,0.015,1000,0.6172839506172839,2.964282172921032,0.8345332359837353,search_evals/sweep_prefix_002_d12_2x/top_aware_k1_a1_bsz2097152_lr0p015_s42/result.json
d12,2097152,2M,1.0,0.015,1050,0.6481481481481481,2.9405792421326336,0.8345332359837353,search_evals/sweep_prefix_002_d12_2x/top_aware_k1_a1_bsz2097152_lr0p015_s42/result.json
d12,2097152,2M,1.0,0.015,1100,0.6790123456790124,2.924664326284116,0.8345332359837353,search_evals/sweep_prefix_002_d12_2x/top_aware_k1_a1_bsz2097152_lr0p015_s42/result.json
d12,2097152,2M,1.0,0.015,1150,0.7098765432098766,2.8985631030484305,0.8345332359837353,search_evals/sweep_prefix_002_d12_2x/top_aware_k1_a1_bsz2097152_lr0p015_s42/result.json
d12,2097152,2M,1.0,0.015,1200,0.7407407407407407,2.8835091916526925,0.8345332359837353,search_evals/sweep_prefix_002_d12_2x/top_aware_k1_a1_bsz2097152_lr0p015_s42/result.json
d12,2097152,2M,1.0,0.015,1250,0.7716049382716049,2.863268932776444,0.8345332359837353,search_evals/sweep_prefix_002_d12_2x/top_aware_k1_a1_bsz2097152_lr0p015_s42/result.json
d12,2097152,2M,1.0,0.015,1300,0.8024691358024691,2.842521948858181,0.8345332359837353,search_evals/sweep_prefix_002_d12_2x/top_aware_k1_a1_bsz2097152_lr0p015_s42/result.json
d12,2097152,2M,1.0,0.015,1350,0.8333333333333334,2.8325759993663824,0.8345332359837353,search_evals/sweep_prefix_002_d12_2x/top_aware_k1_a1_bsz2097152_lr0p015_s42/result.json
d12,2097152,2M,1.0,0.015,1400,0.8641975308641975,2.808868985464765,0.8345332359837353,search_evals/sweep_prefix_002_d12_2x/top_aware_k1_a1_bsz2097152_lr0p015_s42/result.json
d12,2097152,2M,1.0,0.015,1450,0.8950617283950617,2.8033099400114403,0.8345332359837353,search_evals/sweep_prefix_002_d12_2x/top_aware_k1_a1_bsz2097152_lr0p015_s42/result.json
d12,2097152,2M,1.0,0.015,1500,0.9259259259259259,2.7783956325448798,0.8345332359837353,search_evals/sweep_prefix_002_d12_2x/top_aware_k1_a1_bsz2097152_lr0p015_s42/result.json
d12,2097152,2M,1.0,0.015,1550,0.9567901234567902,2.7739296591351676,0.8345332359837353,search_evals/sweep_prefix_002_d12_2x/top_aware_k1_a1_bsz2097152_lr0p015_s42/result.json
d12,2097152,2M,1.0,0.015,1600,0.9876543209876543,2.763226053709693,0.8345332359837353,search_evals/sweep_prefix_002_d12_2x/top_aware_k1_a1_bsz2097152_lr0p015_s42/result.json
d12,8388608,8M,0.5,0.015,0,0.0,10.39747428894043,0.8870322545740068,search_evals/sweep_prefix_002_d12_2x/top_aware_k1_a0p5_bsz8388608_lr0p015_s42/result.json
d12,8388608,8M,0.5,0.015,50,0.12345679012345678,4.826124649842673,0.8870322545740068,search_evals/sweep_prefix_002_d12_2x/top_aware_k1_a0p5_bsz8388608_lr0p015_s42/result.json
d12,8388608,8M,0.5,0.015,100,0.24691358024691357,3.830037749636257,0.8870322545740068,search_evals/sweep_prefix_002_d12_2x/top_aware_k1_a0p5_bsz8388608_lr0p015_s42/result.json
d12,8388608,8M,0.5,0.015,150,0.37037037037037035,3.529330547912163,0.8870322545740068,search_evals/sweep_prefix_002_d12_2x/top_aware_k1_a0p5_bsz8388608_lr0p015_s42/result.json
d12,8388608,8M,0.5,0.015,200,0.49382716049382713,3.3376614621251917,0.8870322545740068,search_evals/sweep_prefix_002_d12_2x/top_aware_k1_a0p5_bsz8388608_lr0p015_s42/result.json
d12,8388608,8M,0.5,0.015,250,0.6172839506172839,3.199065821510435,0.8870322545740068,search_evals/sweep_prefix_002_d12_2x/top_aware_k1_a0p5_bsz8388608_lr0p015_s42/result.json
d12,8388608,8M,0.5,0.015,300,0.7407407407407407,3.0856684053307815,0.8870322545740068,search_evals/sweep_prefix_002_d12_2x/top_aware_k1_a0p5_bsz8388608_lr0p015_s42/result.json
d12,8388608,8M,0.5,0.015,350,0.8641975308641975,2.992660522038603,0.8870322545740068,search_evals/sweep_prefix_002_d12_2x/top_aware_k1_a0p5_bsz8388608_lr0p015_s42/result.json
d12,8388608,8M,0.5,0.015,400,0.9876543209876543,2.9334267545941906,0.8870322545740068,search_evals/sweep_prefix_002_d12_2x/top_aware_k1_a0p5_bsz8388608_lr0p015_s42/result.json
d12,8388608,8M,1.0,0.01,0,0.0,10.39747428894043,0.8903327443989529,search_evals/sweep_prefix_002_d12_2x/top_aware_k1_a1_bsz8388608_lr0p01_s42/result.json
d12,8388608,8M,1.0,0.01,50,0.12345679012345678,4.985683906159131,0.8903327443989529,search_evals/sweep_prefix_002_d12_2x/top_aware_k1_a1_bsz8388608_lr0p01_s42/result.json
d12,8388608,8M,1.0,0.01,100,0.24691358024691357,3.9312336859042767,0.8903327443989529,search_evals/sweep_prefix_002_d12_2x/top_aware_k1_a1_bsz8388608_lr0p01_s42/result.json
d12,8388608,8M,1.0,0.01,150,0.37037037037037035,3.5397470901503394,0.8903327443989529,search_evals/sweep_prefix_002_d12_2x/top_aware_k1_a1_bsz8388608_lr0p01_s42/result.json
d12,8388608,8M,1.0,0.01,200,0.49382716049382713,3.331670762921437,0.8903327443989529,search_evals/sweep_prefix_002_d12_2x/top_aware_k1_a1_bsz8388608_lr0p01_s42/result.json
d12,8388608,8M,1.0,0.01,250,0.6172839506172839,3.1898500966165404,0.8903327443989529,search_evals/sweep_prefix_002_d12_2x/top_aware_k1_a1_bsz8388608_lr0p01_s42/result.json
d12,8388608,8M,1.0,0.01,300,0.7407407407407407,3.081788284840649,0.8903327443989529,search_evals/sweep_prefix_002_d12_2x/top_aware_k1_a1_bsz8388608_lr0p01_s42/result.json
d12,8388608,8M,1.0,0.01,350,0.8641975308641975,2.9974285857633087,0.8903327443989529,search_evals/sweep_prefix_002_d12_2x/top_aware_k1_a1_bsz8388608_lr0p01_s42/result.json
d12,8388608,8M,1.0,0.01,400,0.9876543209876543,2.9443907050869322,0.8903327443989529,search_evals/sweep_prefix_002_d12_2x/top_aware_k1_a1_bsz8388608_lr0p01_s42/result.json
d16,524288,512K,0.5,0.005,0,0.0,10.39797592163086,0.750463564930939,search_evals/sweep_prefix_003_d16_2x/top_aware_k1_a0p5_bsz524288_lr0p005_s42/result.json
d16,524288,512K,0.5,0.005,50,0.0032552083333333335,7.502218951190613,0.750463564930939,search_evals/sweep_prefix_003_d16_2x/top_aware_k1_a0p5_bsz524288_lr0p005_s42/result.json
d16,524288,512K,0.5,0.005,100,0.006510416666666667,5.892504106249253,0.750463564930939,search_evals/sweep_prefix_003_d16_2x/top_aware_k1_a0p5_bsz524288_lr0p005_s42/result.json
d16,524288,512K,0.5,0.005,150,0.009765625,5.410651339514983,0.750463564930939,search_evals/sweep_prefix_003_d16_2x/top_aware_k1_a0p5_bsz524288_lr0p005_s42/result.json
d16,524288,512K,0.5,0.005,200,0.013020833333333334,5.315887217237547,0.750463564930939,search_evals/sweep_prefix_003_d16_2x/top_aware_k1_a0p5_bsz524288_lr0p005_s42/result.json
d16,524288,512K,0.5,0.005,250,0.016276041666666668,4.786833051500506,0.750463564930939,search_evals/sweep_prefix_003_d16_2x/top_aware_k1_a0p5_bsz524288_lr0p005_s42/result.json
d16,524288,512K,0.5,0.005,300,0.01953125,4.463193163874875,0.750463564930939,search_evals/sweep_prefix_003_d16_2x/top_aware_k1_a0p5_bsz524288_lr0p005_s42/result.json
d16,524288,512K,0.5,0.005,350,0.022786458333333332,4.160989413386858,0.750463564930939,search_evals/sweep_prefix_003_d16_2x/top_aware_k1_a0p5_bsz524288_lr0p005_s42/result.json
d16,524288,512K,0.5,0.005,400,0.026041666666666668,3.916151095077455,0.750463564930939,search_evals/sweep_prefix_003_d16_2x/top_aware_k1_a0p5_bsz524288_lr0p005_s42/result.json
d16,524288,512K,0.5,0.005,450,0.029296875,3.754949682430479,0.750463564930939,search_evals/sweep_prefix_003_d16_2x/top_aware_k1_a0p5_bsz524288_lr0p005_s42/result.json
d16,524288,512K,0.5,0.005,500,0.032552083333333336,3.619549776517499,0.750463564930939,search_evals/sweep_prefix_003_d16_2x/top_aware_k1_a0p5_bsz524288_lr0p005_s42/result.json
d16,524288,512K,0.5,0.005,550,0.035807291666666664,3.530135401065454,0.750463564930939,search_evals/sweep_prefix_003_d16_2x/top_aware_k1_a0p5_bsz524288_lr0p005_s42/result.json
d16,524288,512K,0.5,0.005,600,0.0390625,3.467700809326053,0.750463564930939,search_evals/sweep_prefix_003_d16_2x/top_aware_k1_a0p5_bsz524288_lr0p005_s42/result.json
d16,524288,512K,0.5,0.005,650,0.042317708333333336,3.413625983196473,0.750463564930939,search_evals/sweep_prefix_003_d16_2x/top_aware_k1_a0p5_bsz524288_lr0p005_s42/result.json
d16,524288,512K,0.5,0.005,700,0.045572916666666664,3.3680739033425593,0.750463564930939,search_evals/sweep_prefix_003_d16_2x/top_aware_k1_a0p5_bsz524288_lr0p005_s42/result.json
d16,524288,512K,0.5,0.005,750,0.048828125,3.335481491804431,0.750463564930939,search_evals/sweep_prefix_003_d16_2x/top_aware_k1_a0p5_bsz524288_lr0p005_s42/result.json
d16,524288,512K,0.5,0.005,800,0.052083333333333336,3.3054506873207306,0.750463564930939,search_evals/sweep_prefix_003_d16_2x/top_aware_k1_a0p5_bsz524288_lr0p005_s42/result.json
d16,524288,512K,0.5,0.005,850,0.055338541666666664,3.2641708636044595,0.750463564930939,search_evals/sweep_prefix_003_d16_2x/top_aware_k1_a0p5_bsz524288_lr0p005_s42/result.json
d16,524288,512K,0.5,0.005,900,0.05859375,3.238532807372529,0.750463564930939,search_evals/sweep_prefix_003_d16_2x/top_aware_k1_a0p5_bsz524288_lr0p005_s42/result.json
d16,524288,512K,0.5,0.005,950,0.061848958333333336,3.194626826231516,0.750463564930939,search_evals/sweep_prefix_003_d16_2x/top_aware_k1_a0p5_bsz524288_lr0p005_s42/result.json
d16,524288,512K,0.5,0.005,1000,0.06510416666666667,3.1854794175047854,0.750463564930939,search_evals/sweep_prefix_003_d16_2x/top_aware_k1_a0p5_bsz524288_lr0p005_s42/result.json
d16,524288,512K,0.5,0.005,1050,0.068359375,3.1686277546577477,0.750463564930939,search_evals/sweep_prefix_003_d16_2x/top_aware_k1_a0p5_bsz524288_lr0p005_s42/result.json
d16,524288,512K,0.5,0.005,1100,0.07161458333333333,3.1409042311752895,0.750463564930939,search_evals/sweep_prefix_003_d16_2x/top_aware_k1_a0p5_bsz524288_lr0p005_s42/result.json
d16,524288,512K,0.5,0.005,1150,0.07486979166666667,3.1339824239183796,0.750463564930939,search_evals/sweep_prefix_003_d16_2x/top_aware_k1_a0p5_bsz524288_lr0p005_s42/result.json
d16,524288,512K,0.5,0.005,1200,0.078125,3.1119637609907556,0.750463564930939,search_evals/sweep_prefix_003_d16_2x/top_aware_k1_a0p5_bsz524288_lr0p005_s42/result.json
d16,524288,512K,0.5,0.005,1250,0.08138020833333333,3.1005893227409356,0.750463564930939,search_evals/sweep_prefix_003_d16_2x/top_aware_k1_a0p5_bsz524288_lr0p005_s42/result.json
d16,524288,512K,0.5,0.005,1300,0.08463541666666667,3.1002011823092768,0.750463564930939,search_evals/sweep_prefix_003_d16_2x/top_aware_k1_a0p5_bsz524288_lr0p005_s42/result.json
d16,524288,512K,0.5,0.005,1350,0.087890625,3.0713883047984076,0.750463564930939,search_evals/sweep_prefix_003_d16_2x/top_aware_k1_a0p5_bsz524288_lr0p005_s42/result.json
d16,524288,512K,0.5,0.005,1400,0.09114583333333333,3.067879156441639,0.750463564930939,search_evals/sweep_prefix_003_d16_2x/top_aware_k1_a0p5_bsz524288_lr0p005_s42/result.json
d16,524288,512K,0.5,0.005,1450,0.09440104166666667,3.049442083552823,0.750463564930939,search_evals/sweep_prefix_003_d16_2x/top_aware_k1_a0p5_bsz524288_lr0p005_s42/result.json
d16,524288,512K,0.5,0.005,1500,0.09765625,3.0506218880355975,0.750463564930939,search_evals/sweep_prefix_003_d16_2x/top_aware_k1_a0p5_bsz524288_lr0p005_s42/result.json
d16,524288,512K,0.5,0.005,1550,0.10091145833333333,3.0500011097514412,0.750463564930939,search_evals/sweep_prefix_003_d16_2x/top_aware_k1_a0p5_bsz524288_lr0p005_s42/result.json
d16,524288,512K,0.5,0.005,1600,0.10416666666666667,3.042096046423485,0.750463564930939,search_evals/sweep_prefix_003_d16_2x/top_aware_k1_a0p5_bsz524288_lr0p005_s42/result.json
d16,524288,512K,0.5,0.005,1650,0.107421875,3.025322253552499,0.750463564930939,search_evals/sweep_prefix_003_d16_2x/top_aware_k1_a0p5_bsz524288_lr0p005_s42/result.json
d16,524288,512K,0.5,0.005,1700,0.11067708333333333,3.020304546378713,0.750463564930939,search_evals/sweep_prefix_003_d16_2x/top_aware_k1_a0p5_bsz524288_lr0p005_s42/result.json
d16,524288,512K,0.5,0.005,1750,0.11393229166666667,3.016742585512127,0.750463564930939,search_evals/sweep_prefix_003_d16_2x/top_aware_k1_a0p5_bsz524288_lr0p005_s42/result.json
d16,524288,512K,0.5,0.005,1800,0.1171875,3.0150426427748553,0.750463564930939,search_evals/sweep_prefix_003_d16_2x/top_aware_k1_a0p5_bsz524288_lr0p005_s42/result.json
d16,524288,512K,0.5,0.005,1850,0.12044270833333333,3.0023398555039185,0.750463564930939,search_evals/sweep_prefix_003_d16_2x/top_aware_k1_a0p5_bsz524288_lr0p005_s42/result.json
d16,524288,512K,0.5,0.005,1900,0.12369791666666667,3.010552557277697,0.750463564930939,search_evals/sweep_prefix_003_d16_2x/top_aware_k1_a0p5_bsz524288_lr0p005_s42/result.json
d16,524288,512K,0.5,0.005,1950,0.126953125,2.996429561813205,0.750463564930939,search_evals/sweep_prefix_003_d16_2x/top_aware_k1_a0p5_bsz524288_lr0p005_s42/result.json
d16,524288,512K,0.5,0.005,2000,0.13020833333333334,3.000491005063482,0.750463564930939,search_evals/sweep_prefix_003_d16_2x/top_aware_k1_a0p5_bsz524288_lr0p005_s42/result.json
d16,524288,512K,0.5,0.005,2050,0.13346354166666666,2.995472811165236,0.750463564930939,search_evals/sweep_prefix_003_d16_2x/top_aware_k1_a0p5_bsz524288_lr0p005_s42/result.json
d16,524288,512K,0.5,0.005,2100,0.13671875,2.9845711863216122,0.750463564930939,search_evals/sweep_prefix_003_d16_2x/top_aware_k1_a0p5_bsz524288_lr0p005_s42/result.json
d16,524288,512K,0.5,0.005,2150,0.13997395833333334,2.9782754232892614,0.750463564930939,search_evals/sweep_prefix_003_d16_2x/top_aware_k1_a0p5_bsz524288_lr0p005_s42/result.json
d16,524288,512K,0.5,0.005,2200,0.14322916666666666,2.9753940566546717,0.750463564930939,search_evals/sweep_prefix_003_d16_2x/top_aware_k1_a0p5_bsz524288_lr0p005_s42/result.json
d16,524288,512K,0.5,0.005,2250,0.146484375,2.9796736446876757,0.750463564930939,search_evals/sweep_prefix_003_d16_2x/top_aware_k1_a0p5_bsz524288_lr0p005_s42/result.json
d16,524288,512K,0.5,0.005,2300,0.14973958333333334,2.9704905667608985,0.750463564930939,search_evals/sweep_prefix_003_d16_2x/top_aware_k1_a0p5_bsz524288_lr0p005_s42/result.json
d16,524288,512K,0.5,0.005,2350,0.15299479166666666,2.963984428185784,0.750463564930939,search_evals/sweep_prefix_003_d16_2x/top_aware_k1_a0p5_bsz524288_lr0p005_s42/result.json
d16,524288,512K,0.5,0.005,2400,0.15625,2.963126561392378,0.750463564930939,search_evals/sweep_prefix_003_d16_2x/top_aware_k1_a0p5_bsz524288_lr0p005_s42/result.json
d16,524288,512K,0.5,0.005,2450,0.15950520833333334,2.9596964478276315,0.750463564930939,search_evals/sweep_prefix_003_d16_2x/top_aware_k1_a0p5_bsz524288_lr0p005_s42/result.json
d16,524288,512K,0.5,0.005,2500,0.16276041666666666,2.9669776830789507,0.750463564930939,search_evals/sweep_prefix_003_d16_2x/top_aware_k1_a0p5_bsz524288_lr0p005_s42/result.json
d16,524288,512K,0.5,0.005,2550,0.166015625,2.945410051755265,0.750463564930939,search_evals/sweep_prefix_003_d16_2x/top_aware_k1_a0p5_bsz524288_lr0p005_s42/result.json
d16,524288,512K,0.5,0.005,2600,0.16927083333333334,2.9492537861706563,0.750463564930939,search_evals/sweep_prefix_003_d16_2x/top_aware_k1_a0p5_bsz524288_lr0p005_s42/result.json
d16,524288,512K,0.5,0.005,2650,0.17252604166666666,2.9460107215284514,0.750463564930939,search_evals/sweep_prefix_003_d16_2x/top_aware_k1_a0p5_bsz524288_lr0p005_s42/result.json
d16,524288,512K,0.5,0.005,2700,0.17578125,2.9464583315840516,0.750463564930939,search_evals/sweep_prefix_003_d16_2x/top_aware_k1_a0p5_bsz524288_lr0p005_s42/result.json
d16,524288,512K,0.5,0.005,2750,0.17903645833333334,2.9449999530996545,0.750463564930939,search_evals/sweep_prefix_003_d16_2x/top_aware_k1_a0p5_bsz524288_lr0p005_s42/result.json
d16,524288,512K,0.5,0.005,2800,0.18229166666666666,2.937401245343029,0.750463564930939,search_evals/sweep_prefix_003_d16_2x/top_aware_k1_a0p5_bsz524288_lr0p005_s42/result.json
d16,524288,512K,0.5,0.005,2850,0.185546875,2.9443554350495287,0.750463564930939,search_evals/sweep_prefix_003_d16_2x/top_aware_k1_a0p5_bsz524288_lr0p005_s42/result.json
d16,524288,512K,0.5,0.005,2900,0.18880208333333334,2.938455659752864,0.750463564930939,search_evals/sweep_prefix_003_d16_2x/top_aware_k1_a0p5_bsz524288_lr0p005_s42/result.json
d16,524288,512K,0.5,0.005,2950,0.19205729166666666,2.9392502705367924,0.750463564930939,search_evals/sweep_prefix_003_d16_2x/top_aware_k1_a0p5_bsz524288_lr0p005_s42/result.json
d16,524288,512K,0.5,0.005,3000,0.1953125,2.9355049314132353,0.750463564930939,search_evals/sweep_prefix_003_d16_2x/top_aware_k1_a0p5_bsz524288_lr0p005_s42/result.json
d16,524288,512K,0.5,0.005,3050,0.19856770833333334,2.928782820647063,0.750463564930939,search_evals/sweep_prefix_003_d16_2x/top_aware_k1_a0p5_bsz524288_lr0p005_s42/result.json
d16,524288,512K,0.5,0.005,3100,0.20182291666666666,2.9310199870979403,0.750463564930939,search_evals/sweep_prefix_003_d16_2x/top_aware_k1_a0p5_bsz524288_lr0p005_s42/result.json
d16,524288,512K,0.5,0.005,3150,0.205078125,2.9282336772608906,0.750463564930939,search_evals/sweep_prefix_003_d16_2x/top_aware_k1_a0p5_bsz524288_lr0p005_s42/result.json
d16,524288,512K,0.5,0.005,3200,0.20833333333333334,2.9268989598830286,0.750463564930939,search_evals/sweep_prefix_003_d16_2x/top_aware_k1_a0p5_bsz524288_lr0p005_s42/result.json
d16,524288,512K,0.5,0.005,3250,0.21158854166666666,2.929935188547512,0.750463564930939,search_evals/sweep_prefix_003_d16_2x/top_aware_k1_a0p5_bsz524288_lr0p005_s42/result.json
d16,524288,512K,0.5,0.005,3300,0.21484375,2.918822956872686,0.750463564930939,search_evals/sweep_prefix_003_d16_2x/top_aware_k1_a0p5_bsz524288_lr0p005_s42/result.json
d16,524288,512K,0.5,0.005,3350,0.21809895833333334,2.9249862411823404,0.750463564930939,search_evals/sweep_prefix_003_d16_2x/top_aware_k1_a0p5_bsz524288_lr0p005_s42/result.json
d16,524288,512K,0.5,0.005,3400,0.22135416666666666,2.9139579880565365,0.750463564930939,search_evals/sweep_prefix_003_d16_2x/top_aware_k1_a0p5_bsz524288_lr0p005_s42/result.json
d16,524288,512K,0.5,0.005,3450,0.224609375,2.910648691538085,0.750463564930939,search_evals/sweep_prefix_003_d16_2x/top_aware_k1_a0p5_bsz524288_lr0p005_s42/result.json
d16,524288,512K,0.5,0.005,3500,0.22786458333333334,2.91028535206164,0.750463564930939,search_evals/sweep_prefix_003_d16_2x/top_aware_k1_a0p5_bsz524288_lr0p005_s42/result.json
d16,524288,512K,0.5,0.005,3550,0.23111979166666666,2.916141117849654,0.750463564930939,search_evals/sweep_prefix_003_d16_2x/top_aware_k1_a0p5_bsz524288_lr0p005_s42/result.json
d16,524288,512K,0.5,0.005,3600,0.234375,2.909355090008469,0.750463564930939,search_evals/sweep_prefix_003_d16_2x/top_aware_k1_a0p5_bsz524288_lr0p005_s42/result.json
d16,524288,512K,0.5,0.005,3650,0.23763020833333334,2.9142078795661925,0.750463564930939,search_evals/sweep_prefix_003_d16_2x/top_aware_k1_a0p5_bsz524288_lr0p005_s42/result.json
d16,524288,512K,0.5,0.005,3700,0.24088541666666666,2.915497714981545,0.750463564930939,search_evals/sweep_prefix_003_d16_2x/top_aware_k1_a0p5_bsz524288_lr0p005_s42/result.json
d16,524288,512K,0.5,0.005,3750,0.244140625,2.9109453679645,0.750463564930939,search_evals/sweep_prefix_003_d16_2x/top_aware_k1_a0p5_bsz524288_lr0p005_s42/result.json
d16,524288,512K,0.5,0.005,3800,0.24739583333333334,2.9002475888594565,0.750463564930939,search_evals/sweep_prefix_003_d16_2x/top_aware_k1_a0p5_bsz524288_lr0p005_s42/result.json
d16,524288,512K,0.5,0.005,3850,0.2506510416666667,2.9066622733117176,0.750463564930939,search_evals/sweep_prefix_003_d16_2x/top_aware_k1_a0p5_bsz524288_lr0p005_s42/result.json
d16,524288,512K,0.5,0.005,3900,0.25390625,2.9004593196577755,0.750463564930939,search_evals/sweep_prefix_003_d16_2x/top_aware_k1_a0p5_bsz524288_lr0p005_s42/result.json
d16,524288,512K,0.5,0.005,3950,0.2571614583333333,2.898429962979484,0.750463564930939,search_evals/sweep_prefix_003_d16_2x/top_aware_k1_a0p5_bsz524288_lr0p005_s42/result.json
d16,524288,512K,0.5,0.005,4000,0.2604166666666667,2.90030955256731,0.750463564930939,search_evals/sweep_prefix_003_d16_2x/top_aware_k1_a0p5_bsz524288_lr0p005_s42/result.json
d16,524288,512K,0.5,0.005,4050,0.263671875,2.901343069905417,0.750463564930939,search_evals/sweep_prefix_003_d16_2x/top_aware_k1_a0p5_bsz524288_lr0p005_s42/result.json
d16,524288,512K,0.5,0.005,4100,0.2669270833333333,2.898366534212049,0.750463564930939,search_evals/sweep_prefix_003_d16_2x/top_aware_k1_a0p5_bsz524288_lr0p005_s42/result.json
d16,524288,512K,0.5,0.005,4150,0.2701822916666667,2.893242968017386,0.750463564930939,search_evals/sweep_prefix_003_d16_2x/top_aware_k1_a0p5_bsz524288_lr0p005_s42/result.json
d16,524288,512K,0.5,0.005,4200,0.2734375,2.894284182485373,0.750463564930939,search_evals/sweep_prefix_003_d16_2x/top_aware_k1_a0p5_bsz524288_lr0p005_s42/result.json
d16,524288,512K,0.5,0.005,4250,0.2766927083333333,2.8924927160621814,0.750463564930939,search_evals/sweep_prefix_003_d16_2x/top_aware_k1_a0p5_bsz524288_lr0p005_s42/result.json
d16,524288,512K,0.5,0.005,4300,0.2799479166666667,2.88913194579736,0.750463564930939,search_evals/sweep_prefix_003_d16_2x/top_aware_k1_a0p5_bsz524288_lr0p005_s42/result.json
d16,524288,512K,0.5,0.005,4350,0.283203125,2.796881237196767,0.750463564930939,search_evals/sweep_prefix_003_d16_2x/top_aware_k1_a0p5_bsz524288_lr0p005_s42/result.json
d16,524288,512K,0.5,0.005,4400,0.2864583333333333,2.7873077609195516,0.750463564930939,search_evals/sweep_prefix_003_d16_2x/top_aware_k1_a0p5_bsz524288_lr0p005_s42/result.json
d16,524288,512K,0.5,0.005,4450,0.2897135416666667,2.7884651313081013,0.750463564930939,search_evals/sweep_prefix_003_d16_2x/top_aware_k1_a0p5_bsz524288_lr0p005_s42/result.json
d16,524288,512K,0.5,0.005,4500,0.29296875,2.824562143300256,0.750463564930939,search_evals/sweep_prefix_003_d16_2x/top_aware_k1_a0p5_bsz524288_lr0p005_s42/result.json
d16,524288,512K,0.5,0.005,4550,0.2962239583333333,2.8210344316353484,0.750463564930939,search_evals/sweep_prefix_003_d16_2x/top_aware_k1_a0p5_bsz524288_lr0p005_s42/result.json
d16,524288,512K,0.5,0.005,4600,0.2994791666666667,2.823924411473997,0.750463564930939,search_evals/sweep_prefix_003_d16_2x/top_aware_k1_a0p5_bsz524288_lr0p005_s42/result.json
d16,524288,512K,0.5,0.005,4650,0.302734375,2.8304746383815815,0.750463564930939,search_evals/sweep_prefix_003_d16_2x/top_aware_k1_a0p5_bsz524288_lr0p005_s42/result.json
d16,524288,512K,0.5,0.005,4700,0.3059895833333333,2.894969231915263,0.750463564930939,search_evals/sweep_prefix_003_d16_2x/top_aware_k1_a0p5_bsz524288_lr0p005_s42/result.json
d16,524288,512K,0.5,0.005,4750,0.3092447916666667,2.900447351483575,0.750463564930939,search_evals/sweep_prefix_003_d16_2x/top_aware_k1_a0p5_bsz524288_lr0p005_s42/result.json
d16,524288,512K,0.5,0.005,4800,0.3125,2.880874041383648,0.750463564930939,search_evals/sweep_prefix_003_d16_2x/top_aware_k1_a0p5_bsz524288_lr0p005_s42/result.json
d16,524288,512K,0.5,0.005,4850,0.3157552083333333,2.8897115751455065,0.750463564930939,search_evals/sweep_prefix_003_d16_2x/top_aware_k1_a0p5_bsz524288_lr0p005_s42/result.json
d16,524288,512K,0.5,0.005,4900,0.3190104166666667,2.878305408957875,0.750463564930939,search_evals/sweep_prefix_003_d16_2x/top_aware_k1_a0p5_bsz524288_lr0p005_s42/result.json
d16,524288,512K,0.5,0.005,4950,0.322265625,2.8819836868148556,0.750463564930939,search_evals/sweep_prefix_003_d16_2x/top_aware_k1_a0p5_bsz524288_lr0p005_s42/result.json
d16,524288,512K,0.5,0.005,5000,0.3255208333333333,2.883730556440894,0.750463564930939,search_evals/sweep_prefix_003_d16_2x/top_aware_k1_a0p5_bsz524288_lr0p005_s42/result.json
d16,524288,512K,0.5,0.005,5050,0.3287760416666667,2.8821381966182877,0.750463564930939,search_evals/sweep_prefix_003_d16_2x/top_aware_k1_a0p5_bsz524288_lr0p005_s42/result.json
d16,524288,512K,0.5,0.005,5100,0.33203125,2.877780937134343,0.750463564930939,search_evals/sweep_prefix_003_d16_2x/top_aware_k1_a0p5_bsz524288_lr0p005_s42/result.json
d16,524288,512K,0.5,0.005,5150,0.3352864583333333,2.8799415471524568,0.750463564930939,search_evals/sweep_prefix_003_d16_2x/top_aware_k1_a0p5_bsz524288_lr0p005_s42/result.json
d16,524288,512K,0.5,0.005,5200,0.3385416666666667,2.8654751388086614,0.750463564930939,search_evals/sweep_prefix_003_d16_2x/top_aware_k1_a0p5_bsz524288_lr0p005_s42/result.json
d16,524288,512K,0.5,0.005,5250,0.341796875,2.8697223024391687,0.750463564930939,search_evals/sweep_prefix_003_d16_2x/top_aware_k1_a0p5_bsz524288_lr0p005_s42/result.json
d16,524288,512K,0.5,0.005,5300,0.3450520833333333,2.874844732650851,0.750463564930939,search_evals/sweep_prefix_003_d16_2x/top_aware_k1_a0p5_bsz524288_lr0p005_s42/result.json
d16,524288,512K,0.5,0.005,5350,0.3483072916666667,2.8682419995156705,0.750463564930939,search_evals/sweep_prefix_003_d16_2x/top_aware_k1_a0p5_bsz524288_lr0p005_s42/result.json
d16,524288,512K,0.5,0.005,5400,0.3515625,2.870832086826441,0.750463564930939,search_evals/sweep_prefix_003_d16_2x/top_aware_k1_a0p5_bsz524288_lr0p005_s42/result.json
d16,524288,512K,0.5,0.005,5450,0.3548177083333333,2.8640872073404626,0.750463564930939,search_evals/sweep_prefix_003_d16_2x/top_aware_k1_a0p5_bsz524288_lr0p005_s42/result.json
d16,524288,512K,0.5,0.005,5500,0.3580729166666667,2.8557811293975024,0.750463564930939,search_evals/sweep_prefix_003_d16_2x/top_aware_k1_a0p5_bsz524288_lr0p005_s42/result.json
d16,524288,512K,0.5,0.005,5550,0.361328125,2.8594887101827715,0.750463564930939,search_evals/sweep_prefix_003_d16_2x/top_aware_k1_a0p5_bsz524288_lr0p005_s42/result.json
d16,524288,512K,0.5,0.005,5600,0.3645833333333333,2.8454863941610467,0.750463564930939,search_evals/sweep_prefix_003_d16_2x/top_aware_k1_a0p5_bsz524288_lr0p005_s42/result.json
d16,524288,512K,0.5,0.005,5650,0.3678385416666667,2.851614842818526,0.750463564930939,search_evals/sweep_prefix_003_d16_2x/top_aware_k1_a0p5_bsz524288_lr0p005_s42/result.json
d16,524288,512K,0.5,0.005,5700,0.37109375,2.851569040846277,0.750463564930939,search_evals/sweep_prefix_003_d16_2x/top_aware_k1_a0p5_bsz524288_lr0p005_s42/result.json
d16,524288,512K,0.5,0.005,5750,0.3743489583333333,2.8558082290022795,0.750463564930939,search_evals/sweep_prefix_003_d16_2x/top_aware_k1_a0p5_bsz524288_lr0p005_s42/result.json
d16,524288,512K,0.5,0.005,5800,0.3776041666666667,2.845072482406049,0.750463564930939,search_evals/sweep_prefix_003_d16_2x/top_aware_k1_a0p5_bsz524288_lr0p005_s42/result.json
d16,524288,512K,0.5,0.005,5850,0.380859375,2.844917680829484,0.750463564930939,search_evals/sweep_prefix_003_d16_2x/top_aware_k1_a0p5_bsz524288_lr0p005_s42/result.json
d16,524288,512K,0.5,0.005,5900,0.3841145833333333,2.841806955354472,0.750463564930939,search_evals/sweep_prefix_003_d16_2x/top_aware_k1_a0p5_bsz524288_lr0p005_s42/result.json
d16,524288,512K,0.5,0.005,5950,0.3873697916666667,2.8429081943419385,0.750463564930939,search_evals/sweep_prefix_003_d16_2x/top_aware_k1_a0p5_bsz524288_lr0p005_s42/result.json
d16,524288,512K,0.5,0.005,6000,0.390625,2.841826854267006,0.750463564930939,search_evals/sweep_prefix_003_d16_2x/top_aware_k1_a0p5_bsz524288_lr0p005_s42/result.json
d16,524288,512K,0.5,0.005,6050,0.3938802083333333,2.835990015479094,0.750463564930939,search_evals/sweep_prefix_003_d16_2x/top_aware_k1_a0p5_bsz524288_lr0p005_s42/result.json
d16,524288,512K,0.5,0.005,6100,0.3971354166666667,2.8334112723632003,0.750463564930939,search_evals/sweep_prefix_003_d16_2x/top_aware_k1_a0p5_bsz524288_lr0p005_s42/result.json
d16,524288,512K,0.5,0.005,6150,0.400390625,2.8318836939257435,0.750463564930939,search_evals/sweep_prefix_003_d16_2x/top_aware_k1_a0p5_bsz524288_lr0p005_s42/result.json
d16,524288,512K,0.5,0.005,6200,0.4036458333333333,2.8286262885575764,0.750463564930939,search_evals/sweep_prefix_003_d16_2x/top_aware_k1_a0p5_bsz524288_lr0p005_s42/result.json
d16,524288,512K,0.5,0.005,6250,0.4069010416666667,2.8223607181596413,0.750463564930939,search_evals/sweep_prefix_003_d16_2x/top_aware_k1_a0p5_bsz524288_lr0p005_s42/result.json
d16,524288,512K,0.5,0.005,6300,0.41015625,2.8310009367628752,0.750463564930939,search_evals/sweep_prefix_003_d16_2x/top_aware_k1_a0p5_bsz524288_lr0p005_s42/result.json
d16,524288,512K,0.5,0.005,6350,0.4134114583333333,2.820929918842591,0.750463564930939,search_evals/sweep_prefix_003_d16_2x/top_aware_k1_a0p5_bsz524288_lr0p005_s42/result.json
d16,524288,512K,0.5,0.005,6400,0.4166666666666667,2.8200079547668295,0.750463564930939,search_evals/sweep_prefix_003_d16_2x/top_aware_k1_a0p5_bsz524288_lr0p005_s42/result.json
d16,524288,512K,0.5,0.005,6450,0.419921875,2.823575338387429,0.750463564930939,search_evals/sweep_prefix_003_d16_2x/top_aware_k1_a0p5_bsz524288_lr0p005_s42/result.json
d16,524288,512K,0.5,0.005,6500,0.4231770833333333,2.814662561838708,0.750463564930939,search_evals/sweep_prefix_003_d16_2x/top_aware_k1_a0p5_bsz524288_lr0p005_s42/result.json
d16,524288,512K,0.5,0.005,6550,0.4264322916666667,2.809567635825888,0.750463564930939,search_evals/sweep_prefix_003_d16_2x/top_aware_k1_a0p5_bsz524288_lr0p005_s42/result.json
d16,524288,512K,0.5,0.005,6600,0.4296875,2.816567482329815,0.750463564930939,search_evals/sweep_prefix_003_d16_2x/top_aware_k1_a0p5_bsz524288_lr0p005_s42/result.json
d16,524288,512K,0.5,0.005,6650,0.4329427083333333,2.820020241148711,0.750463564930939,search_evals/sweep_prefix_003_d16_2x/top_aware_k1_a0p5_bsz524288_lr0p005_s42/result.json
d16,524288,512K,0.5,0.005,6700,0.4361979166666667,2.8105122010977484,0.750463564930939,search_evals/sweep_prefix_003_d16_2x/top_aware_k1_a0p5_bsz524288_lr0p005_s42/result.json
d16,524288,512K,0.5,0.005,6750,0.439453125,2.8031780504075092,0.750463564930939,search_evals/sweep_prefix_003_d16_2x/top_aware_k1_a0p5_bsz524288_lr0p005_s42/result.json
d16,524288,512K,0.5,0.005,6800,0.4427083333333333,2.803734573451112,0.750463564930939,search_evals/sweep_prefix_003_d16_2x/top_aware_k1_a0p5_bsz524288_lr0p005_s42/result.json
d16,524288,512K,0.5,0.005,6850,0.4459635416666667,2.805617961007062,0.750463564930939,search_evals/sweep_prefix_003_d16_2x/top_aware_k1_a0p5_bsz524288_lr0p005_s42/result.json
d16,524288,512K,0.5,0.005,6900,0.44921875,2.803514929250357,0.750463564930939,search_evals/sweep_prefix_003_d16_2x/top_aware_k1_a0p5_bsz524288_lr0p005_s42/result.json
d16,524288,512K,0.5,0.005,6950,0.4524739583333333,2.804405421235972,0.750463564930939,search_evals/sweep_prefix_003_d16_2x/top_aware_k1_a0p5_bsz524288_lr0p005_s42/result.json
d16,524288,512K,0.5,0.005,7000,0.4557291666666667,2.794361261551108,0.750463564930939,search_evals/sweep_prefix_003_d16_2x/top_aware_k1_a0p5_bsz524288_lr0p005_s42/result.json
d16,524288,512K,0.5,0.005,7050,0.458984375,2.8010882459379522,0.750463564930939,search_evals/sweep_prefix_003_d16_2x/top_aware_k1_a0p5_bsz524288_lr0p005_s42/result.json
d16,524288,512K,0.5,0.005,7100,0.4622395833333333,2.7985797808342574,0.750463564930939,search_evals/sweep_prefix_003_d16_2x/top_aware_k1_a0p5_bsz524288_lr0p005_s42/result.json
d16,524288,512K,0.5,0.005,7150,0.4654947916666667,2.791934980359671,0.750463564930939,search_evals/sweep_prefix_003_d16_2x/top_aware_k1_a0p5_bsz524288_lr0p005_s42/result.json
d16,524288,512K,0.5,0.005,7200,0.46875,2.7917241420747496,0.750463564930939,search_evals/sweep_prefix_003_d16_2x/top_aware_k1_a0p5_bsz524288_lr0p005_s42/result.json
d16,524288,512K,0.5,0.005,7250,0.4720052083333333,2.787544675285833,0.750463564930939,search_evals/sweep_prefix_003_d16_2x/top_aware_k1_a0p5_bsz524288_lr0p005_s42/result.json
d16,524288,512K,0.5,0.005,7300,0.4752604166666667,2.7844772287134067,0.750463564930939,search_evals/sweep_prefix_003_d16_2x/top_aware_k1_a0p5_bsz524288_lr0p005_s42/result.json
d16,524288,512K,0.5,0.005,7350,0.478515625,2.7822757286273907,0.750463564930939,search_evals/sweep_prefix_003_d16_2x/top_aware_k1_a0p5_bsz524288_lr0p005_s42/result.json
d16,524288,512K,0.5,0.005,7400,0.4817708333333333,2.7820056264614017,0.750463564930939,search_evals/sweep_prefix_003_d16_2x/top_aware_k1_a0p5_bsz524288_lr0p005_s42/result.json
d16,524288,512K,0.5,0.005,7450,0.4850260416666667,2.7696472324587043,0.750463564930939,search_evals/sweep_prefix_003_d16_2x/top_aware_k1_a0p5_bsz524288_lr0p005_s42/result.json
d16,524288,512K,0.5,0.005,7500,0.48828125,2.781621686238676,0.750463564930939,search_evals/sweep_prefix_003_d16_2x/top_aware_k1_a0p5_bsz524288_lr0p005_s42/result.json
d16,524288,512K,0.5,0.005,7550,0.4915364583333333,2.7688847834520818,0.750463564930939,search_evals/sweep_prefix_003_d16_2x/top_aware_k1_a0p5_bsz524288_lr0p005_s42/result.json
d16,524288,512K,0.5,0.005,7600,0.4947916666666667,2.7723494799118598,0.750463564930939,search_evals/sweep_prefix_003_d16_2x/top_aware_k1_a0p5_bsz524288_lr0p005_s42/result.json
d16,524288,512K,0.5,0.005,7650,0.498046875,2.7717664478026345,0.750463564930939,search_evals/sweep_prefix_003_d16_2x/top_aware_k1_a0p5_bsz524288_lr0p005_s42/result.json
d16,524288,512K,0.5,0.005,7700,0.5013020833333334,2.7757019273742234,0.750463564930939,search_evals/sweep_prefix_003_d16_2x/top_aware_k1_a0p5_bsz524288_lr0p005_s42/result.json
d16,524288,512K,0.5,0.005,7750,0.5045572916666666,2.7671373769496626,0.750463564930939,search_evals/sweep_prefix_003_d16_2x/top_aware_k1_a0p5_bsz524288_lr0p005_s42/result.json
d16,524288,512K,0.5,0.005,7800,0.5078125,2.7700781478549015,0.750463564930939,search_evals/sweep_prefix_003_d16_2x/top_aware_k1_a0p5_bsz524288_lr0p005_s42/result.json
d16,524288,512K,0.5,0.005,7850,0.5110677083333334,2.7673839599507475,0.750463564930939,search_evals/sweep_prefix_003_d16_2x/top_aware_k1_a0p5_bsz524288_lr0p005_s42/result.json
d16,524288,512K,0.5,0.005,7900,0.5143229166666666,2.767081898656439,0.750463564930939,search_evals/sweep_prefix_003_d16_2x/top_aware_k1_a0p5_bsz524288_lr0p005_s42/result.json
d16,524288,512K,0.5,0.005,7950,0.517578125,2.758869235100626,0.750463564930939,search_evals/sweep_prefix_003_d16_2x/top_aware_k1_a0p5_bsz524288_lr0p005_s42/result.json
d16,524288,512K,0.5,0.005,8000,0.5208333333333334,2.7617124879966695,0.750463564930939,search_evals/sweep_prefix_003_d16_2x/top_aware_k1_a0p5_bsz524288_lr0p005_s42/result.json
d16,524288,512K,0.5,0.005,8050,0.5240885416666666,2.755887471806755,0.750463564930939,search_evals/sweep_prefix_003_d16_2x/top_aware_k1_a0p5_bsz524288_lr0p005_s42/result.json
d16,524288,512K,0.5,0.005,8100,0.52734375,2.7631851233905578,0.750463564930939,search_evals/sweep_prefix_003_d16_2x/top_aware_k1_a0p5_bsz524288_lr0p005_s42/result.json
d16,524288,512K,0.5,0.005,8150,0.5305989583333334,2.7678354509196477,0.750463564930939,search_evals/sweep_prefix_003_d16_2x/top_aware_k1_a0p5_bsz524288_lr0p005_s42/result.json
d16,524288,512K,0.5,0.005,8200,0.5338541666666666,2.7534787699876593,0.750463564930939,search_evals/sweep_prefix_003_d16_2x/top_aware_k1_a0p5_bsz524288_lr0p005_s42/result.json
d16,524288,512K,0.5,0.005,8250,0.537109375,2.751636897054482,0.750463564930939,search_evals/sweep_prefix_003_d16_2x/top_aware_k1_a0p5_bsz524288_lr0p005_s42/result.json
d16,524288,512K,0.5,0.005,8300,0.5403645833333334,2.746420226230137,0.750463564930939,search_evals/sweep_prefix_003_d16_2x/top_aware_k1_a0p5_bsz524288_lr0p005_s42/result.json
d16,524288,512K,0.5,0.005,8350,0.5436197916666666,2.7546924018550656,0.750463564930939,search_evals/sweep_prefix_003_d16_2x/top_aware_k1_a0p5_bsz524288_lr0p005_s42/result.json
d16,524288,512K,0.5,0.005,8400,0.546875,2.7409636958875945,0.750463564930939,search_evals/sweep_prefix_003_d16_2x/top_aware_k1_a0p5_bsz524288_lr0p005_s42/result.json
d16,524288,512K,0.5,0.005,8450,0.5501302083333334,2.7414596604198413,0.750463564930939,search_evals/sweep_prefix_003_d16_2x/top_aware_k1_a0p5_bsz524288_lr0p005_s42/result.json
d16,524288,512K,0.5,0.005,8500,0.5533854166666666,2.742981531666275,0.750463564930939,search_evals/sweep_prefix_003_d16_2x/top_aware_k1_a0p5_bsz524288_lr0p005_s42/result.json
d16,524288,512K,0.5,0.005,8550,0.556640625,2.7399002819967304,0.750463564930939,search_evals/sweep_prefix_003_d16_2x/top_aware_k1_a0p5_bsz524288_lr0p005_s42/result.json
d16,524288,512K,0.5,0.005,8600,0.5598958333333334,2.7390303144961403,0.750463564930939,search_evals/sweep_prefix_003_d16_2x/top_aware_k1_a0p5_bsz524288_lr0p005_s42/result.json
d16,524288,512K,0.5,0.005,8650,0.5631510416666666,2.731469467446373,0.750463564930939,search_evals/sweep_prefix_003_d16_2x/top_aware_k1_a0p5_bsz524288_lr0p005_s42/result.json
d16,524288,512K,0.5,0.005,8700,0.56640625,2.733310206194308,0.750463564930939,search_evals/sweep_prefix_003_d16_2x/top_aware_k1_a0p5_bsz524288_lr0p005_s42/result.json
d16,524288,512K,0.5,0.005,8750,0.5696614583333334,2.730264318266454,0.750463564930939,search_evals/sweep_prefix_003_d16_2x/top_aware_k1_a0p5_bsz524288_lr0p005_s42/result.json
d16,524288,512K,0.5,0.005,8800,0.5729166666666666,2.7306441621782422,0.750463564930939,search_evals/sweep_prefix_003_d16_2x/top_aware_k1_a0p5_bsz524288_lr0p005_s42/result.json
d16,524288,512K,0.5,0.005,8850,0.576171875,2.7193669395771844,0.750463564930939,search_evals/sweep_prefix_003_d16_2x/top_aware_k1_a0p5_bsz524288_lr0p005_s42/result.json
d16,524288,512K,0.5,0.005,8900,0.5794270833333334,2.7245805272046817,0.750463564930939,search_evals/sweep_prefix_003_d16_2x/top_aware_k1_a0p5_bsz524288_lr0p005_s42/result.json
d16,524288,512K,0.5,0.005,8950,0.5826822916666666,2.730496046849168,0.750463564930939,search_evals/sweep_prefix_003_d16_2x/top_aware_k1_a0p5_bsz524288_lr0p005_s42/result.json
d16,524288,512K,0.5,0.005,9000,0.5859375,2.733406387196664,0.750463564930939,search_evals/sweep_prefix_003_d16_2x/top_aware_k1_a0p5_bsz524288_lr0p005_s42/result.json
d16,524288,512K,0.5,0.005,9050,0.5891927083333334,2.7152228659901434,0.750463564930939,search_evals/sweep_prefix_003_d16_2x/top_aware_k1_a0p5_bsz524288_lr0p005_s42/result.json
d16,524288,512K,0.5,0.005,9100,0.5924479166666666,2.7189151877621645,0.750463564930939,search_evals/sweep_prefix_003_d16_2x/top_aware_k1_a0p5_bsz524288_lr0p005_s42/result.json
d16,524288,512K,0.5,0.005,9150,0.595703125,2.7061254631926452,0.750463564930939,search_evals/sweep_prefix_003_d16_2x/top_aware_k1_a0p5_bsz524288_lr0p005_s42/result.json
d16,524288,512K,0.5,0.005,9200,0.5989583333333334,2.712901485773898,0.750463564930939,search_evals/sweep_prefix_003_d16_2x/top_aware_k1_a0p5_bsz524288_lr0p005_s42/result.json
d16,524288,512K,0.5,0.005,9250,0.6022135416666666,2.713739732904433,0.750463564930939,search_evals/sweep_prefix_003_d16_2x/top_aware_k1_a0p5_bsz524288_lr0p005_s42/result.json
d16,524288,512K,0.5,0.005,9300,0.60546875,2.7127111894199856,0.750463564930939,search_evals/sweep_prefix_003_d16_2x/top_aware_k1_a0p5_bsz524288_lr0p005_s42/result.json
d16,524288,512K,0.5,0.005,9350,0.6087239583333334,2.7171315927574153,0.750463564930939,search_evals/sweep_prefix_003_d16_2x/top_aware_k1_a0p5_bsz524288_lr0p005_s42/result.json
d16,524288,512K,0.5,0.005,9400,0.6119791666666666,2.708970281835409,0.750463564930939,search_evals/sweep_prefix_003_d16_2x/top_aware_k1_a0p5_bsz524288_lr0p005_s42/result.json
d16,524288,512K,0.5,0.005,9450,0.615234375,2.7055521036170136,0.750463564930939,search_evals/sweep_prefix_003_d16_2x/top_aware_k1_a0p5_bsz524288_lr0p005_s42/result.json
d16,524288,512K,0.5,0.005,9500,0.6184895833333334,2.696735365355198,0.750463564930939,search_evals/sweep_prefix_003_d16_2x/top_aware_k1_a0p5_bsz524288_lr0p005_s42/result.json
d16,524288,512K,0.5,0.005,9550,0.6217447916666666,2.69900511319238,0.750463564930939,search_evals/sweep_prefix_003_d16_2x/top_aware_k1_a0p5_bsz524288_lr0p005_s42/result.json
d16,524288,512K,0.5,0.005,9600,0.625,2.701640643409214,0.750463564930939,search_evals/sweep_prefix_003_d16_2x/top_aware_k1_a0p5_bsz524288_lr0p005_s42/result.json
d16,524288,512K,0.5,0.005,9650,0.6282552083333334,2.7000945428483303,0.750463564930939,search_evals/sweep_prefix_003_d16_2x/top_aware_k1_a0p5_bsz524288_lr0p005_s42/result.json
d16,524288,512K,0.5,0.005,9700,0.6315104166666666,2.6949861690260994,0.750463564930939,search_evals/sweep_prefix_003_d16_2x/top_aware_k1_a0p5_bsz524288_lr0p005_s42/result.json
d16,524288,512K,0.5,0.005,9750,0.634765625,2.6869890398142027,0.750463564930939,search_evals/sweep_prefix_003_d16_2x/top_aware_k1_a0p5_bsz524288_lr0p005_s42/result.json
d16,524288,512K,0.5,0.005,9800,0.6380208333333334,2.6842091749854817,0.750463564930939,search_evals/sweep_prefix_003_d16_2x/top_aware_k1_a0p5_bsz524288_lr0p005_s42/result.json
d16,524288,512K,0.5,0.005,9850,0.6412760416666666,2.6885086374295963,0.750463564930939,search_evals/sweep_prefix_003_d16_2x/top_aware_k1_a0p5_bsz524288_lr0p005_s42/result.json
d16,524288,512K,0.5,0.005,9900,0.64453125,2.6794034040794026,0.750463564930939,search_evals/sweep_prefix_003_d16_2x/top_aware_k1_a0p5_bsz524288_lr0p005_s42/result.json
d16,524288,512K,0.5,0.005,9950,0.6477864583333334,2.6893376509508258,0.750463564930939,search_evals/sweep_prefix_003_d16_2x/top_aware_k1_a0p5_bsz524288_lr0p005_s42/result.json
d16,524288,512K,0.5,0.005,10000,0.6510416666666666,2.6832086308768384,0.750463564930939,search_evals/sweep_prefix_003_d16_2x/top_aware_k1_a0p5_bsz524288_lr0p005_s42/result.json
d16,524288,512K,0.5,0.005,10050,0.654296875,2.6687333681399545,0.750463564930939,search_evals/sweep_prefix_003_d16_2x/top_aware_k1_a0p5_bsz524288_lr0p005_s42/result.json
d16,524288,512K,0.5,0.005,10100,0.6575520833333334,2.6764723482688644,0.750463564930939,search_evals/sweep_prefix_003_d16_2x/top_aware_k1_a0p5_bsz524288_lr0p005_s42/result.json
d16,524288,512K,0.5,0.005,10150,0.6608072916666666,2.6775003903892856,0.750463564930939,search_evals/sweep_prefix_003_d16_2x/top_aware_k1_a0p5_bsz524288_lr0p005_s42/result.json
d16,524288,512K,0.5,0.005,10200,0.6640625,2.6677507997545296,0.750463564930939,search_evals/sweep_prefix_003_d16_2x/top_aware_k1_a0p5_bsz524288_lr0p005_s42/result.json
d16,524288,512K,0.5,0.005,10250,0.6673177083333334,2.668416401891463,0.750463564930939,search_evals/sweep_prefix_003_d16_2x/top_aware_k1_a0p5_bsz524288_lr0p005_s42/result.json
d16,524288,512K,0.5,0.005,10300,0.6705729166666666,2.6664264546034886,0.750463564930939,search_evals/sweep_prefix_003_d16_2x/top_aware_k1_a0p5_bsz524288_lr0p005_s42/result.json
d16,524288,512K,0.5,0.005,10350,0.673828125,2.675534714756766,0.750463564930939,search_evals/sweep_prefix_003_d16_2x/top_aware_k1_a0p5_bsz524288_lr0p005_s42/result.json
d16,524288,512K,0.5,0.005,10400,0.6770833333333334,2.668023941665486,0.750463564930939,search_evals/sweep_prefix_003_d16_2x/top_aware_k1_a0p5_bsz524288_lr0p005_s42/result.json
d16,524288,512K,0.5,0.005,10450,0.6803385416666666,2.657887242894036,0.750463564930939,search_evals/sweep_prefix_003_d16_2x/top_aware_k1_a0p5_bsz524288_lr0p005_s42/result.json
d16,524288,512K,0.5,0.005,10500,0.68359375,2.662413302329545,0.750463564930939,search_evals/sweep_prefix_003_d16_2x/top_aware_k1_a0p5_bsz524288_lr0p005_s42/result.json
d16,524288,512K,0.5,0.005,10550,0.6868489583333334,2.654979934108395,0.750463564930939,search_evals/sweep_prefix_003_d16_2x/top_aware_k1_a0p5_bsz524288_lr0p005_s42/result.json
d16,524288,512K,0.5,0.005,10600,0.6901041666666666,2.6645578536441854,0.750463564930939,search_evals/sweep_prefix_003_d16_2x/top_aware_k1_a0p5_bsz524288_lr0p005_s42/result.json
d16,524288,512K,0.5,0.005,10650,0.693359375,2.6613963137893637,0.750463564930939,search_evals/sweep_prefix_003_d16_2x/top_aware_k1_a0p5_bsz524288_lr0p005_s42/result.json
d16,524288,512K,0.5,0.005,10700,0.6966145833333334,2.651142235180021,0.750463564930939,search_evals/sweep_prefix_003_d16_2x/top_aware_k1_a0p5_bsz524288_lr0p005_s42/result.json
d16,524288,512K,0.5,0.005,10750,0.6998697916666666,2.6529137885077416,0.750463564930939,search_evals/sweep_prefix_003_d16_2x/top_aware_k1_a0p5_bsz524288_lr0p005_s42/result.json
d16,524288,512K,0.5,0.005,10800,0.703125,2.647317391700023,0.750463564930939,search_evals/sweep_prefix_003_d16_2x/top_aware_k1_a0p5_bsz524288_lr0p005_s42/result.json
d16,524288,512K,0.5,0.005,10850,0.7063802083333334,2.6473154130297134,0.750463564930939,search_evals/sweep_prefix_003_d16_2x/top_aware_k1_a0p5_bsz524288_lr0p005_s42/result.json
d16,524288,512K,0.5,0.005,10900,0.7096354166666666,2.646626175206842,0.750463564930939,search_evals/sweep_prefix_003_d16_2x/top_aware_k1_a0p5_bsz524288_lr0p005_s42/result.json
d16,524288,512K,0.5,0.005,10950,0.712890625,2.6405595584938215,0.750463564930939,search_evals/sweep_prefix_003_d16_2x/top_aware_k1_a0p5_bsz524288_lr0p005_s42/result.json
d16,524288,512K,0.5,0.005,11000,0.7161458333333334,2.637060153297504,0.750463564930939,search_evals/sweep_prefix_003_d16_2x/top_aware_k1_a0p5_bsz524288_lr0p005_s42/result.json
d16,524288,512K,0.5,0.005,11050,0.7194010416666666,2.6399216081026116,0.750463564930939,search_evals/sweep_prefix_003_d16_2x/top_aware_k1_a0p5_bsz524288_lr0p005_s42/result.json
d16,524288,512K,0.5,0.005,11100,0.72265625,2.6412682826005014,0.750463564930939,search_evals/sweep_prefix_003_d16_2x/top_aware_k1_a0p5_bsz524288_lr0p005_s42/result.json
d16,524288,512K,0.5,0.005,11150,0.7259114583333334,2.6336013870300303,0.750463564930939,search_evals/sweep_prefix_003_d16_2x/top_aware_k1_a0p5_bsz524288_lr0p005_s42/result.json
d16,524288,512K,0.5,0.005,11200,0.7291666666666666,2.639321098367956,0.750463564930939,search_evals/sweep_prefix_003_d16_2x/top_aware_k1_a0p5_bsz524288_lr0p005_s42/result.json
d16,524288,512K,0.5,0.005,11250,0.732421875,2.6411033818848297,0.750463564930939,search_evals/sweep_prefix_003_d16_2x/top_aware_k1_a0p5_bsz524288_lr0p005_s42/result.json
d16,524288,512K,0.5,0.005,11300,0.7356770833333334,2.630830189269925,0.750463564930939,search_evals/sweep_prefix_003_d16_2x/top_aware_k1_a0p5_bsz524288_lr0p005_s42/result.json
d16,524288,512K,0.5,0.005,11350,0.7389322916666666,2.637877327577571,0.750463564930939,search_evals/sweep_prefix_003_d16_2x/top_aware_k1_a0p5_bsz524288_lr0p005_s42/result.json
d16,524288,512K,0.5,0.005,11400,0.7421875,2.6204073078523824,0.750463564930939,search_evals/sweep_prefix_003_d16_2x/top_aware_k1_a0p5_bsz524288_lr0p005_s42/result.json
d16,524288,512K,0.5,0.005,11450,0.7454427083333334,2.620566872338621,0.750463564930939,search_evals/sweep_prefix_003_d16_2x/top_aware_k1_a0p5_bsz524288_lr0p005_s42/result.json
d16,524288,512K,0.5,0.005,11500,0.7486979166666666,2.619747083385214,0.750463564930939,search_evals/sweep_prefix_003_d16_2x/top_aware_k1_a0p5_bsz524288_lr0p005_s42/result.json
d16,524288,512K,0.5,0.005,11550,0.751953125,2.612199108741665,0.750463564930939,search_evals/sweep_prefix_003_d16_2x/top_aware_k1_a0p5_bsz524288_lr0p005_s42/result.json
d16,524288,512K,0.5,0.005,11600,0.7552083333333334,2.617061617030478,0.750463564930939,search_evals/sweep_prefix_003_d16_2x/top_aware_k1_a0p5_bsz524288_lr0p005_s42/result.json
d16,524288,512K,0.5,0.005,11650,0.7584635416666666,2.6139635631890563,0.750463564930939,search_evals/sweep_prefix_003_d16_2x/top_aware_k1_a0p5_bsz524288_lr0p005_s42/result.json
d16,524288,512K,0.5,0.005,11700,0.76171875,2.608843524823357,0.750463564930939,search_evals/sweep_prefix_003_d16_2x/top_aware_k1_a0p5_bsz524288_lr0p005_s42/result.json
d16,524288,512K,0.5,0.005,11750,0.7649739583333334,2.6157649256863493,0.750463564930939,search_evals/sweep_prefix_003_d16_2x/top_aware_k1_a0p5_bsz524288_lr0p005_s42/result.json
d16,524288,512K,0.5,0.005,11800,0.7682291666666666,2.618519003765517,0.750463564930939,search_evals/sweep_prefix_003_d16_2x/top_aware_k1_a0p5_bsz524288_lr0p005_s42/result.json
d16,524288,512K,0.5,0.005,11850,0.771484375,2.618931279860048,0.750463564930939,search_evals/sweep_prefix_003_d16_2x/top_aware_k1_a0p5_bsz524288_lr0p005_s42/result.json
d16,524288,512K,0.5,0.005,11900,0.7747395833333334,2.60360763344798,0.750463564930939,search_evals/sweep_prefix_003_d16_2x/top_aware_k1_a0p5_bsz524288_lr0p005_s42/result.json
d16,524288,512K,0.5,0.005,11950,0.7779947916666666,2.6065443043984424,0.750463564930939,search_evals/sweep_prefix_003_d16_2x/top_aware_k1_a0p5_bsz524288_lr0p005_s42/result.json
d16,524288,512K,0.5,0.005,12000,0.78125,2.6124498503952704,0.750463564930939,search_evals/sweep_prefix_003_d16_2x/top_aware_k1_a0p5_bsz524288_lr0p005_s42/result.json
d16,524288,512K,0.5,0.005,12050,0.7845052083333334,2.6032503800060063,0.750463564930939,search_evals/sweep_prefix_003_d16_2x/top_aware_k1_a0p5_bsz524288_lr0p005_s42/result.json
d16,524288,512K,0.5,0.005,12100,0.7877604166666666,2.5968737131741686,0.750463564930939,search_evals/sweep_prefix_003_d16_2x/top_aware_k1_a0p5_bsz524288_lr0p005_s42/result.json
d16,524288,512K,0.5,0.005,12150,0.791015625,2.5956333026180487,0.750463564930939,search_evals/sweep_prefix_003_d16_2x/top_aware_k1_a0p5_bsz524288_lr0p005_s42/result.json
d16,524288,512K,0.5,0.005,12200,0.7942708333333334,2.5993099764937098,0.750463564930939,search_evals/sweep_prefix_003_d16_2x/top_aware_k1_a0p5_bsz524288_lr0p005_s42/result.json
d16,524288,512K,0.5,0.005,12250,0.7975260416666666,2.592903389583929,0.750463564930939,search_evals/sweep_prefix_003_d16_2x/top_aware_k1_a0p5_bsz524288_lr0p005_s42/result.json
d16,524288,512K,0.5,0.005,12300,0.80078125,2.5881253094333267,0.750463564930939,search_evals/sweep_prefix_003_d16_2x/top_aware_k1_a0p5_bsz524288_lr0p005_s42/result.json
d16,524288,512K,0.5,0.005,12350,0.8040364583333334,2.5891550206337666,0.750463564930939,search_evals/sweep_prefix_003_d16_2x/top_aware_k1_a0p5_bsz524288_lr0p005_s42/result.json
d16,524288,512K,0.5,0.005,12400,0.8072916666666666,2.597158185693736,0.750463564930939,search_evals/sweep_prefix_003_d16_2x/top_aware_k1_a0p5_bsz524288_lr0p005_s42/result.json
d16,524288,512K,0.5,0.005,12450,0.810546875,2.5926975681370052,0.750463564930939,search_evals/sweep_prefix_003_d16_2x/top_aware_k1_a0p5_bsz524288_lr0p005_s42/result.json
d16,524288,512K,0.5,0.005,12500,0.8138020833333334,2.5775940625621154,0.750463564930939,search_evals/sweep_prefix_003_d16_2x/top_aware_k1_a0p5_bsz524288_lr0p005_s42/result.json
d16,524288,512K,0.5,0.005,12550,0.8170572916666666,2.5801378580340737,0.750463564930939,search_evals/sweep_prefix_003_d16_2x/top_aware_k1_a0p5_bsz524288_lr0p005_s42/result.json
d16,524288,512K,0.5,0.005,12600,0.8203125,2.5768981978136027,0.750463564930939,search_evals/sweep_prefix_003_d16_2x/top_aware_k1_a0p5_bsz524288_lr0p005_s42/result.json
d16,524288,512K,0.5,0.005,12650,0.8235677083333334,2.576631848679303,0.750463564930939,search_evals/sweep_prefix_003_d16_2x/top_aware_k1_a0p5_bsz524288_lr0p005_s42/result.json
d16,524288,512K,0.5,0.005,12700,0.8268229166666666,2.5740592350028795,0.750463564930939,search_evals/sweep_prefix_003_d16_2x/top_aware_k1_a0p5_bsz524288_lr0p005_s42/result.json
d16,524288,512K,0.5,0.005,12750,0.830078125,2.5750439393909152,0.750463564930939,search_evals/sweep_prefix_003_d16_2x/top_aware_k1_a0p5_bsz524288_lr0p005_s42/result.json
d16,524288,512K,0.5,0.005,12800,0.8333333333333334,2.576760617090052,0.750463564930939,search_evals/sweep_prefix_003_d16_2x/top_aware_k1_a0p5_bsz524288_lr0p005_s42/result.json
d16,524288,512K,0.5,0.005,12850,0.8365885416666666,2.576797555324484,0.750463564930939,search_evals/sweep_prefix_003_d16_2x/top_aware_k1_a0p5_bsz524288_lr0p005_s42/result.json
d16,524288,512K,0.5,0.005,12900,0.83984375,2.57538229335841,0.750463564930939,search_evals/sweep_prefix_003_d16_2x/top_aware_k1_a0p5_bsz524288_lr0p005_s42/result.json
d16,524288,512K,0.5,0.005,12950,0.8430989583333334,2.578044974894205,0.750463564930939,search_evals/sweep_prefix_003_d16_2x/top_aware_k1_a0p5_bsz524288_lr0p005_s42/result.json
d16,524288,512K,0.5,0.005,13000,0.8463541666666666,2.5671113964295915,0.750463564930939,search_evals/sweep_prefix_003_d16_2x/top_aware_k1_a0p5_bsz524288_lr0p005_s42/result.json
d16,524288,512K,0.5,0.005,13050,0.849609375,2.574546695587837,0.750463564930939,search_evals/sweep_prefix_003_d16_2x/top_aware_k1_a0p5_bsz524288_lr0p005_s42/result.json
d16,524288,512K,0.5,0.005,13100,0.8528645833333334,2.577884323966972,0.750463564930939,search_evals/sweep_prefix_003_d16_2x/top_aware_k1_a0p5_bsz524288_lr0p005_s42/result.json
d16,524288,512K,0.5,0.005,13150,0.8561197916666666,2.5578558602796573,0.750463564930939,search_evals/sweep_prefix_003_d16_2x/top_aware_k1_a0p5_bsz524288_lr0p005_s42/result.json
d16,524288,512K,0.5,0.005,13200,0.859375,2.5657462131176687,0.750463564930939,search_evals/sweep_prefix_003_d16_2x/top_aware_k1_a0p5_bsz524288_lr0p005_s42/result.json
d16,524288,512K,0.5,0.005,13250,0.8626302083333334,2.5672945122230333,0.750463564930939,search_evals/sweep_prefix_003_d16_2x/top_aware_k1_a0p5_bsz524288_lr0p005_s42/result.json
d16,524288,512K,0.5,0.005,13300,0.8658854166666666,2.5598375864918634,0.750463564930939,search_evals/sweep_prefix_003_d16_2x/top_aware_k1_a0p5_bsz524288_lr0p005_s42/result.json
d16,524288,512K,0.5,0.005,13350,0.869140625,2.5527050443219705,0.750463564930939,search_evals/sweep_prefix_003_d16_2x/top_aware_k1_a0p5_bsz524288_lr0p005_s42/result.json
d16,524288,512K,0.5,0.005,13400,0.8723958333333334,2.5596254744541254,0.750463564930939,search_evals/sweep_prefix_003_d16_2x/top_aware_k1_a0p5_bsz524288_lr0p005_s42/result.json
d16,524288,512K,0.5,0.005,13450,0.8756510416666666,2.559448575242893,0.750463564930939,search_evals/sweep_prefix_003_d16_2x/top_aware_k1_a0p5_bsz524288_lr0p005_s42/result.json
d16,524288,512K,0.5,0.005,13500,0.87890625,2.5547066317974316,0.750463564930939,search_evals/sweep_prefix_003_d16_2x/top_aware_k1_a0p5_bsz524288_lr0p005_s42/result.json
d16,524288,512K,0.5,0.005,13550,0.8821614583333334,2.54835267718465,0.750463564930939,search_evals/sweep_prefix_003_d16_2x/top_aware_k1_a0p5_bsz524288_lr0p005_s42/result.json
d16,524288,512K,0.5,0.005,13600,0.8854166666666666,2.5503083297631197,0.750463564930939,search_evals/sweep_prefix_003_d16_2x/top_aware_k1_a0p5_bsz524288_lr0p005_s42/result.json
d16,524288,512K,0.5,0.005,13650,0.888671875,2.545073918211587,0.750463564930939,search_evals/sweep_prefix_003_d16_2x/top_aware_k1_a0p5_bsz524288_lr0p005_s42/result.json
d16,524288,512K,0.5,0.005,13700,0.8919270833333334,2.552600457235068,0.750463564930939,search_evals/sweep_prefix_003_d16_2x/top_aware_k1_a0p5_bsz524288_lr0p005_s42/result.json
d16,524288,512K,0.5,0.005,13750,0.8951822916666666,2.540752237724062,0.750463564930939,search_evals/sweep_prefix_003_d16_2x/top_aware_k1_a0p5_bsz524288_lr0p005_s42/result.json
d16,524288,512K,0.5,0.005,13800,0.8984375,2.5513608669841292,0.750463564930939,search_evals/sweep_prefix_003_d16_2x/top_aware_k1_a0p5_bsz524288_lr0p005_s42/result.json
d16,524288,512K,0.5,0.005,13850,0.9016927083333334,2.5413936429700295,0.750463564930939,search_evals/sweep_prefix_003_d16_2x/top_aware_k1_a0p5_bsz524288_lr0p005_s42/result.json
d16,524288,512K,0.5,0.005,13900,0.9049479166666666,2.5348339982704684,0.750463564930939,search_evals/sweep_prefix_003_d16_2x/top_aware_k1_a0p5_bsz524288_lr0p005_s42/result.json
d16,524288,512K,0.5,0.005,13950,0.908203125,2.5363512821750223,0.750463564930939,search_evals/sweep_prefix_003_d16_2x/top_aware_k1_a0p5_bsz524288_lr0p005_s42/result.json
d16,524288,512K,0.5,0.005,14000,0.9114583333333334,2.5272222576655734,0.750463564930939,search_evals/sweep_prefix_003_d16_2x/top_aware_k1_a0p5_bsz524288_lr0p005_s42/result.json
d16,524288,512K,0.5,0.005,14050,0.9147135416666666,2.5350203066622092,0.750463564930939,search_evals/sweep_prefix_003_d16_2x/top_aware_k1_a0p5_bsz524288_lr0p005_s42/result.json
d16,524288,512K,0.5,0.005,14100,0.91796875,2.5367980849782423,0.750463564930939,search_evals/sweep_prefix_003_d16_2x/top_aware_k1_a0p5_bsz524288_lr0p005_s42/result.json
d16,524288,512K,0.5,0.005,14150,0.9212239583333334,2.5290133115247007,0.750463564930939,search_evals/sweep_prefix_003_d16_2x/top_aware_k1_a0p5_bsz524288_lr0p005_s42/result.json
d16,524288,512K,0.5,0.005,14200,0.9244791666666666,2.526415899320926,0.750463564930939,search_evals/sweep_prefix_003_d16_2x/top_aware_k1_a0p5_bsz524288_lr0p005_s42/result.json
d16,524288,512K,0.5,0.005,14250,0.927734375,2.523497147495169,0.750463564930939,search_evals/sweep_prefix_003_d16_2x/top_aware_k1_a0p5_bsz524288_lr0p005_s42/result.json
d16,524288,512K,0.5,0.005,14300,0.9309895833333334,2.514120214262742,0.750463564930939,search_evals/sweep_prefix_003_d16_2x/top_aware_k1_a0p5_bsz524288_lr0p005_s42/result.json
d16,524288,512K,0.5,0.005,14350,0.9342447916666666,2.5096955091507342,0.750463564930939,search_evals/sweep_prefix_003_d16_2x/top_aware_k1_a0p5_bsz524288_lr0p005_s42/result.json
d16,524288,512K,0.5,0.005,14400,0.9375,2.521432542316257,0.750463564930939,search_evals/sweep_prefix_003_d16_2x/top_aware_k1_a0p5_bsz524288_lr0p005_s42/result.json
d16,524288,512K,0.5,0.005,14450,0.9407552083333334,2.5213609733584663,0.750463564930939,search_evals/sweep_prefix_003_d16_2x/top_aware_k1_a0p5_bsz524288_lr0p005_s42/result.json
d16,524288,512K,0.5,0.005,14500,0.9440104166666666,2.5279917728909336,0.750463564930939,search_evals/sweep_prefix_003_d16_2x/top_aware_k1_a0p5_bsz524288_lr0p005_s42/result.json
d16,524288,512K,0.5,0.005,14550,0.947265625,2.5186237878316704,0.750463564930939,search_evals/sweep_prefix_003_d16_2x/top_aware_k1_a0p5_bsz524288_lr0p005_s42/result.json
d16,524288,512K,0.5,0.005,14600,0.9505208333333334,2.5147962432778868,0.750463564930939,search_evals/sweep_prefix_003_d16_2x/top_aware_k1_a0p5_bsz524288_lr0p005_s42/result.json
d16,524288,512K,0.5,0.005,14650,0.9537760416666666,2.5133244639141226,0.750463564930939,search_evals/sweep_prefix_003_d16_2x/top_aware_k1_a0p5_bsz524288_lr0p005_s42/result.json
d16,524288,512K,0.5,0.005,14700,0.95703125,2.5092370764013427,0.750463564930939,search_evals/sweep_prefix_003_d16_2x/top_aware_k1_a0p5_bsz524288_lr0p005_s42/result.json
d16,524288,512K,0.5,0.005,14750,0.9602864583333334,2.519094714991061,0.750463564930939,search_evals/sweep_prefix_003_d16_2x/top_aware_k1_a0p5_bsz524288_lr0p005_s42/result.json
d16,524288,512K,0.5,0.005,14800,0.9635416666666666,2.513108154115414,0.750463564930939,search_evals/sweep_prefix_003_d16_2x/top_aware_k1_a0p5_bsz524288_lr0p005_s42/result.json
d16,524288,512K,0.5,0.005,14850,0.966796875,2.507623260186743,0.750463564930939,search_evals/sweep_prefix_003_d16_2x/top_aware_k1_a0p5_bsz524288_lr0p005_s42/result.json
d16,524288,512K,0.5,0.005,14900,0.9700520833333334,2.512639399182575,0.750463564930939,search_evals/sweep_prefix_003_d16_2x/top_aware_k1_a0p5_bsz524288_lr0p005_s42/result.json
d16,524288,512K,0.5,0.005,14950,0.9733072916666666,2.502392599996785,0.750463564930939,search_evals/sweep_prefix_003_d16_2x/top_aware_k1_a0p5_bsz524288_lr0p005_s42/result.json
d16,524288,512K,0.5,0.005,15000,0.9765625,2.5093949904181705,0.750463564930939,search_evals/sweep_prefix_003_d16_2x/top_aware_k1_a0p5_bsz524288_lr0p005_s42/result.json
d16,524288,512K,0.5,0.005,15050,0.9798177083333334,2.5137081313395417,0.750463564930939,search_evals/sweep_prefix_003_d16_2x/top_aware_k1_a0p5_bsz524288_lr0p005_s42/result.json
d16,524288,512K,0.5,0.005,15100,0.9830729166666666,2.495559895078271,0.750463564930939,search_evals/sweep_prefix_003_d16_2x/top_aware_k1_a0p5_bsz524288_lr0p005_s42/result.json
d16,524288,512K,0.5,0.005,15150,0.986328125,2.50205616592881,0.750463564930939,search_evals/sweep_prefix_003_d16_2x/top_aware_k1_a0p5_bsz524288_lr0p005_s42/result.json
d16,524288,512K,0.5,0.005,15200,0.9895833333333334,2.5052810308715876,0.750463564930939,search_evals/sweep_prefix_003_d16_2x/top_aware_k1_a0p5_bsz524288_lr0p005_s42/result.json
d16,524288,512K,0.5,0.005,15250,0.9928385416666666,2.4946045381125943,0.750463564930939,search_evals/sweep_prefix_003_d16_2x/top_aware_k1_a0p5_bsz524288_lr0p005_s42/result.json
d16,524288,512K,0.5,0.005,15300,0.99609375,2.503433943897635,0.750463564930939,search_evals/sweep_prefix_003_d16_2x/top_aware_k1_a0p5_bsz524288_lr0p005_s42/result.json
d16,524288,512K,0.5,0.005,15350,0.9993489583333334,2.4991026672771213,0.750463564930939,search_evals/sweep_prefix_003_d16_2x/top_aware_k1_a0p5_bsz524288_lr0p005_s42/result.json
d16,524288,512K,1.0,0.005,0,0.0,10.39797592163086,0.7500074379617175,search_evals/sweep_prefix_003_d16_2x/top_aware_k1_a1_bsz524288_lr0p005_s42/result.json
d16,524288,512K,1.0,0.005,50,0.0032552083333333335,7.486647263675724,0.7500074379617175,search_evals/sweep_prefix_003_d16_2x/top_aware_k1_a1_bsz524288_lr0p005_s42/result.json
d16,524288,512K,1.0,0.005,100,0.006510416666666667,5.8903424088800875,0.7500074379617175,search_evals/sweep_prefix_003_d16_2x/top_aware_k1_a1_bsz524288_lr0p005_s42/result.json
d16,524288,512K,1.0,0.005,150,0.009765625,5.380410451716001,0.7500074379617175,search_evals/sweep_prefix_003_d16_2x/top_aware_k1_a1_bsz524288_lr0p005_s42/result.json
d16,524288,512K,1.0,0.005,200,0.013020833333333334,4.980485267693363,0.7500074379617175,search_evals/sweep_prefix_003_d16_2x/top_aware_k1_a1_bsz524288_lr0p005_s42/result.json
d16,524288,512K,1.0,0.005,250,0.016276041666666668,4.637390767209149,0.7500074379617175,search_evals/sweep_prefix_003_d16_2x/top_aware_k1_a1_bsz524288_lr0p005_s42/result.json
d16,524288,512K,1.0,0.005,300,0.01953125,4.357667107464409,0.7500074379617175,search_evals/sweep_prefix_003_d16_2x/top_aware_k1_a1_bsz524288_lr0p005_s42/result.json
d16,524288,512K,1.0,0.005,350,0.022786458333333332,4.110464238138265,0.7500074379617175,search_evals/sweep_prefix_003_d16_2x/top_aware_k1_a1_bsz524288_lr0p005_s42/result.json
d16,524288,512K,1.0,0.005,400,0.026041666666666668,3.8876708243191014,0.7500074379617175,search_evals/sweep_prefix_003_d16_2x/top_aware_k1_a1_bsz524288_lr0p005_s42/result.json
d16,524288,512K,1.0,0.005,450,0.029296875,3.721326119668078,0.7500074379617175,search_evals/sweep_prefix_003_d16_2x/top_aware_k1_a1_bsz524288_lr0p005_s42/result.json
d16,524288,512K,1.0,0.005,500,0.032552083333333336,3.6078311819806044,0.7500074379617175,search_evals/sweep_prefix_003_d16_2x/top_aware_k1_a1_bsz524288_lr0p005_s42/result.json
d16,524288,512K,1.0,0.005,550,0.035807291666666664,3.5239889862988867,0.7500074379617175,search_evals/sweep_prefix_003_d16_2x/top_aware_k1_a1_bsz524288_lr0p005_s42/result.json
d16,524288,512K,1.0,0.005,600,0.0390625,3.4544528874522737,0.7500074379617175,search_evals/sweep_prefix_003_d16_2x/top_aware_k1_a1_bsz524288_lr0p005_s42/result.json
d16,524288,512K,1.0,0.005,650,0.042317708333333336,3.409277405430673,0.7500074379617175,search_evals/sweep_prefix_003_d16_2x/top_aware_k1_a1_bsz524288_lr0p005_s42/result.json
d16,524288,512K,1.0,0.005,700,0.045572916666666664,3.3778122273211983,0.7500074379617175,search_evals/sweep_prefix_003_d16_2x/top_aware_k1_a1_bsz524288_lr0p005_s42/result.json
d16,524288,512K,1.0,0.005,750,0.048828125,3.342621925680887,0.7500074379617175,search_evals/sweep_prefix_003_d16_2x/top_aware_k1_a1_bsz524288_lr0p005_s42/result.json
d16,524288,512K,1.0,0.005,800,0.052083333333333336,3.3009256593771674,0.7500074379617175,search_evals/sweep_prefix_003_d16_2x/top_aware_k1_a1_bsz524288_lr0p005_s42/result.json
d16,524288,512K,1.0,0.005,850,0.055338541666666664,3.258409798888998,0.7500074379617175,search_evals/sweep_prefix_003_d16_2x/top_aware_k1_a1_bsz524288_lr0p005_s42/result.json
d16,524288,512K,1.0,0.005,900,0.05859375,3.2353723970295594,0.7500074379617175,search_evals/sweep_prefix_003_d16_2x/top_aware_k1_a1_bsz524288_lr0p005_s42/result.json
d16,524288,512K,1.0,0.005,950,0.061848958333333336,3.1948781848536596,0.7500074379617175,search_evals/sweep_prefix_003_d16_2x/top_aware_k1_a1_bsz524288_lr0p005_s42/result.json
d16,524288,512K,1.0,0.005,1000,0.06510416666666667,3.179752216916777,0.7500074379617175,search_evals/sweep_prefix_003_d16_2x/top_aware_k1_a1_bsz524288_lr0p005_s42/result.json
d16,524288,512K,1.0,0.005,1050,0.068359375,3.1689449492691573,0.7500074379617175,search_evals/sweep_prefix_003_d16_2x/top_aware_k1_a1_bsz524288_lr0p005_s42/result.json
d16,524288,512K,1.0,0.005,1100,0.07161458333333333,3.1378256243242113,0.7500074379617175,search_evals/sweep_prefix_003_d16_2x/top_aware_k1_a1_bsz524288_lr0p005_s42/result.json
d16,524288,512K,1.0,0.005,1150,0.07486979166666667,3.129702251552183,0.7500074379617175,search_evals/sweep_prefix_003_d16_2x/top_aware_k1_a1_bsz524288_lr0p005_s42/result.json
d16,524288,512K,1.0,0.005,1200,0.078125,3.107899567499803,0.7500074379617175,search_evals/sweep_prefix_003_d16_2x/top_aware_k1_a1_bsz524288_lr0p005_s42/result.json
d16,524288,512K,1.0,0.005,1250,0.08138020833333333,3.1008186892963527,0.7500074379617175,search_evals/sweep_prefix_003_d16_2x/top_aware_k1_a1_bsz524288_lr0p005_s42/result.json
d16,524288,512K,1.0,0.005,1300,0.08463541666666667,3.095136547761037,0.7500074379617175,search_evals/sweep_prefix_003_d16_2x/top_aware_k1_a1_bsz524288_lr0p005_s42/result.json
d16,524288,512K,1.0,0.005,1350,0.087890625,3.071918502280184,0.7500074379617175,search_evals/sweep_prefix_003_d16_2x/top_aware_k1_a1_bsz524288_lr0p005_s42/result.json
d16,524288,512K,1.0,0.005,1400,0.09114583333333333,3.065235368628122,0.7500074379617175,search_evals/sweep_prefix_003_d16_2x/top_aware_k1_a1_bsz524288_lr0p005_s42/result.json
d16,524288,512K,1.0,0.005,1450,0.09440104166666667,3.0495285600982407,0.7500074379617175,search_evals/sweep_prefix_003_d16_2x/top_aware_k1_a1_bsz524288_lr0p005_s42/result.json
d16,524288,512K,1.0,0.005,1500,0.09765625,3.0510642442422373,0.7500074379617175,search_evals/sweep_prefix_003_d16_2x/top_aware_k1_a1_bsz524288_lr0p005_s42/result.json
d16,524288,512K,1.0,0.005,1550,0.10091145833333333,3.0493145442259206,0.7500074379617175,search_evals/sweep_prefix_003_d16_2x/top_aware_k1_a1_bsz524288_lr0p005_s42/result.json
d16,524288,512K,1.0,0.005,1600,0.10416666666666667,3.0420377458817476,0.7500074379617175,search_evals/sweep_prefix_003_d16_2x/top_aware_k1_a1_bsz524288_lr0p005_s42/result.json
d16,524288,512K,1.0,0.005,1650,0.107421875,3.02372477999271,0.7500074379617175,search_evals/sweep_prefix_003_d16_2x/top_aware_k1_a1_bsz524288_lr0p005_s42/result.json
d16,524288,512K,1.0,0.005,1700,0.11067708333333333,3.0203283188696703,0.7500074379617175,search_evals/sweep_prefix_003_d16_2x/top_aware_k1_a1_bsz524288_lr0p005_s42/result.json
d16,524288,512K,1.0,0.005,1750,0.11393229166666667,3.015245205627545,0.7500074379617175,search_evals/sweep_prefix_003_d16_2x/top_aware_k1_a1_bsz524288_lr0p005_s42/result.json
d16,524288,512K,1.0,0.005,1800,0.1171875,3.0150862230959947,0.7500074379617175,search_evals/sweep_prefix_003_d16_2x/top_aware_k1_a1_bsz524288_lr0p005_s42/result.json
d16,524288,512K,1.0,0.005,1850,0.12044270833333333,2.9998950640727933,0.7500074379617175,search_evals/sweep_prefix_003_d16_2x/top_aware_k1_a1_bsz524288_lr0p005_s42/result.json
d16,524288,512K,1.0,0.005,1900,0.12369791666666667,3.007233464124062,0.7500074379617175,search_evals/sweep_prefix_003_d16_2x/top_aware_k1_a1_bsz524288_lr0p005_s42/result.json
d16,524288,512K,1.0,0.005,1950,0.126953125,2.995290155978421,0.7500074379617175,search_evals/sweep_prefix_003_d16_2x/top_aware_k1_a1_bsz524288_lr0p005_s42/result.json
d16,524288,512K,1.0,0.005,2000,0.13020833333333334,2.9915835143396383,0.7500074379617175,search_evals/sweep_prefix_003_d16_2x/top_aware_k1_a1_bsz524288_lr0p005_s42/result.json
d16,524288,512K,1.0,0.005,2050,0.13346354166666666,2.988929655867223,0.7500074379617175,search_evals/sweep_prefix_003_d16_2x/top_aware_k1_a1_bsz524288_lr0p005_s42/result.json
d16,524288,512K,1.0,0.005,2100,0.13671875,2.978335729068766,0.7500074379617175,search_evals/sweep_prefix_003_d16_2x/top_aware_k1_a1_bsz524288_lr0p005_s42/result.json
d16,524288,512K,1.0,0.005,2150,0.13997395833333334,2.9761635670158446,0.7500074379617175,search_evals/sweep_prefix_003_d16_2x/top_aware_k1_a1_bsz524288_lr0p005_s42/result.json
d16,524288,512K,1.0,0.005,2200,0.14322916666666666,2.9754332276207767,0.7500074379617175,search_evals/sweep_prefix_003_d16_2x/top_aware_k1_a1_bsz524288_lr0p005_s42/result.json
d16,524288,512K,1.0,0.005,2250,0.146484375,2.97308617674396,0.7500074379617175,search_evals/sweep_prefix_003_d16_2x/top_aware_k1_a1_bsz524288_lr0p005_s42/result.json
d16,524288,512K,1.0,0.005,2300,0.14973958333333334,2.9696289202197867,0.7500074379617175,search_evals/sweep_prefix_003_d16_2x/top_aware_k1_a1_bsz524288_lr0p005_s42/result.json
d16,524288,512K,1.0,0.005,2350,0.15299479166666666,2.9605864699032565,0.7500074379617175,search_evals/sweep_prefix_003_d16_2x/top_aware_k1_a1_bsz524288_lr0p005_s42/result.json
d16,524288,512K,1.0,0.005,2400,0.15625,2.962047592932835,0.7500074379617175,search_evals/sweep_prefix_003_d16_2x/top_aware_k1_a1_bsz524288_lr0p005_s42/result.json
d16,524288,512K,1.0,0.005,2450,0.15950520833333334,2.956796075813307,0.7500074379617175,search_evals/sweep_prefix_003_d16_2x/top_aware_k1_a1_bsz524288_lr0p005_s42/result.json
d16,524288,512K,1.0,0.005,2500,0.16276041666666666,2.957173831376583,0.7500074379617175,search_evals/sweep_prefix_003_d16_2x/top_aware_k1_a1_bsz524288_lr0p005_s42/result.json
d16,524288,512K,1.0,0.005,2550,0.166015625,2.943668870463187,0.7500074379617175,search_evals/sweep_prefix_003_d16_2x/top_aware_k1_a1_bsz524288_lr0p005_s42/result.json
d16,524288,512K,1.0,0.005,2600,0.16927083333333334,2.9456125966879236,0.7500074379617175,search_evals/sweep_prefix_003_d16_2x/top_aware_k1_a1_bsz524288_lr0p005_s42/result.json
d16,524288,512K,1.0,0.005,2650,0.17252604166666666,2.94249354603736,0.7500074379617175,search_evals/sweep_prefix_003_d16_2x/top_aware_k1_a1_bsz524288_lr0p005_s42/result.json
d16,524288,512K,1.0,0.005,2700,0.17578125,2.9438763957288905,0.7500074379617175,search_evals/sweep_prefix_003_d16_2x/top_aware_k1_a1_bsz524288_lr0p005_s42/result.json
d16,524288,512K,1.0,0.005,2750,0.17903645833333334,2.942385139832735,0.7500074379617175,search_evals/sweep_prefix_003_d16_2x/top_aware_k1_a1_bsz524288_lr0p005_s42/result.json
d16,524288,512K,1.0,0.005,2800,0.18229166666666666,2.934442126243656,0.7500074379617175,search_evals/sweep_prefix_003_d16_2x/top_aware_k1_a1_bsz524288_lr0p005_s42/result.json
d16,524288,512K,1.0,0.005,2850,0.185546875,2.942622369368889,0.7500074379617175,search_evals/sweep_prefix_003_d16_2x/top_aware_k1_a1_bsz524288_lr0p005_s42/result.json
d16,524288,512K,1.0,0.005,2900,0.18880208333333334,2.934536237314021,0.7500074379617175,search_evals/sweep_prefix_003_d16_2x/top_aware_k1_a1_bsz524288_lr0p005_s42/result.json
d16,524288,512K,1.0,0.005,2950,0.19205729166666666,2.936483113377711,0.7500074379617175,search_evals/sweep_prefix_003_d16_2x/top_aware_k1_a1_bsz524288_lr0p005_s42/result.json
d16,524288,512K,1.0,0.005,3000,0.1953125,2.9332905931127677,0.7500074379617175,search_evals/sweep_prefix_003_d16_2x/top_aware_k1_a1_bsz524288_lr0p005_s42/result.json
d16,524288,512K,1.0,0.005,3050,0.19856770833333334,2.932446947385905,0.7500074379617175,search_evals/sweep_prefix_003_d16_2x/top_aware_k1_a1_bsz524288_lr0p005_s42/result.json
d16,524288,512K,1.0,0.005,3100,0.20182291666666666,2.928140430258544,0.7500074379617175,search_evals/sweep_prefix_003_d16_2x/top_aware_k1_a1_bsz524288_lr0p005_s42/result.json
d16,524288,512K,1.0,0.005,3150,0.205078125,2.9243530936648567,0.7500074379617175,search_evals/sweep_prefix_003_d16_2x/top_aware_k1_a1_bsz524288_lr0p005_s42/result.json
d16,524288,512K,1.0,0.005,3200,0.20833333333333334,2.9134245700114167,0.7500074379617175,search_evals/sweep_prefix_003_d16_2x/top_aware_k1_a1_bsz524288_lr0p005_s42/result.json
d16,524288,512K,1.0,0.005,3250,0.21158854166666666,2.791265105149395,0.7500074379617175,search_evals/sweep_prefix_003_d16_2x/top_aware_k1_a1_bsz524288_lr0p005_s42/result.json
d16,524288,512K,1.0,0.005,3300,0.21484375,2.814519705941486,0.7500074379617175,search_evals/sweep_prefix_003_d16_2x/top_aware_k1_a1_bsz524288_lr0p005_s42/result.json
d16,524288,512K,1.0,0.005,3350,0.21809895833333334,2.8330906601647614,0.7500074379617175,search_evals/sweep_prefix_003_d16_2x/top_aware_k1_a1_bsz524288_lr0p005_s42/result.json
d16,524288,512K,1.0,0.005,3400,0.22135416666666666,2.8329286487333203,0.7500074379617175,search_evals/sweep_prefix_003_d16_2x/top_aware_k1_a1_bsz524288_lr0p005_s42/result.json
d16,524288,512K,1.0,0.005,3450,0.224609375,2.8429193890829554,0.7500074379617175,search_evals/sweep_prefix_003_d16_2x/top_aware_k1_a1_bsz524288_lr0p005_s42/result.json
d16,524288,512K,1.0,0.005,3500,0.22786458333333334,2.927905893068573,0.7500074379617175,search_evals/sweep_prefix_003_d16_2x/top_aware_k1_a1_bsz524288_lr0p005_s42/result.json
d16,524288,512K,1.0,0.005,3550,0.23111979166666666,2.9189327514625987,0.7500074379617175,search_evals/sweep_prefix_003_d16_2x/top_aware_k1_a1_bsz524288_lr0p005_s42/result.json
d16,524288,512K,1.0,0.005,3600,0.234375,2.927485324918594,0.7500074379617175,search_evals/sweep_prefix_003_d16_2x/top_aware_k1_a1_bsz524288_lr0p005_s42/result.json
d16,524288,512K,1.0,0.005,3650,0.23763020833333334,2.9154072282417927,0.7500074379617175,search_evals/sweep_prefix_003_d16_2x/top_aware_k1_a1_bsz524288_lr0p005_s42/result.json
d16,524288,512K,1.0,0.005,3700,0.24088541666666666,2.91326395854045,0.7500074379617175,search_evals/sweep_prefix_003_d16_2x/top_aware_k1_a1_bsz524288_lr0p005_s42/result.json
d16,524288,512K,1.0,0.005,3750,0.244140625,2.907472269839396,0.7500074379617175,search_evals/sweep_prefix_003_d16_2x/top_aware_k1_a1_bsz524288_lr0p005_s42/result.json
d16,524288,512K,1.0,0.005,3800,0.24739583333333334,2.9058001660503794,0.7500074379617175,search_evals/sweep_prefix_003_d16_2x/top_aware_k1_a1_bsz524288_lr0p005_s42/result.json
d16,524288,512K,1.0,0.005,3850,0.2506510416666667,2.900411736909406,0.7500074379617175,search_evals/sweep_prefix_003_d16_2x/top_aware_k1_a1_bsz524288_lr0p005_s42/result.json
d16,524288,512K,1.0,0.005,3900,0.25390625,2.900806564428473,0.7500074379617175,search_evals/sweep_prefix_003_d16_2x/top_aware_k1_a1_bsz524288_lr0p005_s42/result.json
d16,524288,512K,1.0,0.005,3950,0.2571614583333333,2.903232834552922,0.7500074379617175,search_evals/sweep_prefix_003_d16_2x/top_aware_k1_a1_bsz524288_lr0p005_s42/result.json
d16,524288,512K,1.0,0.005,4000,0.2604166666666667,2.8961844844378515,0.7500074379617175,search_evals/sweep_prefix_003_d16_2x/top_aware_k1_a1_bsz524288_lr0p005_s42/result.json
d16,524288,512K,1.0,0.005,4050,0.263671875,2.9002415819011764,0.7500074379617175,search_evals/sweep_prefix_003_d16_2x/top_aware_k1_a1_bsz524288_lr0p005_s42/result.json
d16,524288,512K,1.0,0.005,4100,0.2669270833333333,2.8930165605684803,0.7500074379617175,search_evals/sweep_prefix_003_d16_2x/top_aware_k1_a1_bsz524288_lr0p005_s42/result.json
d16,524288,512K,1.0,0.005,4150,0.2701822916666667,2.8968960019149006,0.7500074379617175,search_evals/sweep_prefix_003_d16_2x/top_aware_k1_a1_bsz524288_lr0p005_s42/result.json
d16,524288,512K,1.0,0.005,4200,0.2734375,2.900775888638031,0.7500074379617175,search_evals/sweep_prefix_003_d16_2x/top_aware_k1_a1_bsz524288_lr0p005_s42/result.json
d16,524288,512K,1.0,0.005,4250,0.2766927083333333,2.8912037676886344,0.7500074379617175,search_evals/sweep_prefix_003_d16_2x/top_aware_k1_a1_bsz524288_lr0p005_s42/result.json
d16,524288,512K,1.0,0.005,4300,0.2799479166666667,2.880648390369113,0.7500074379617175,search_evals/sweep_prefix_003_d16_2x/top_aware_k1_a1_bsz524288_lr0p005_s42/result.json
d16,524288,512K,1.0,0.005,4350,0.283203125,2.885013009561918,0.7500074379617175,search_evals/sweep_prefix_003_d16_2x/top_aware_k1_a1_bsz524288_lr0p005_s42/result.json
d16,524288,512K,1.0,0.005,4400,0.2864583333333333,2.884773933595041,0.7500074379617175,search_evals/sweep_prefix_003_d16_2x/top_aware_k1_a1_bsz524288_lr0p005_s42/result.json
d16,524288,512K,1.0,0.005,4450,0.2897135416666667,2.8773365818544177,0.7500074379617175,search_evals/sweep_prefix_003_d16_2x/top_aware_k1_a1_bsz524288_lr0p005_s42/result.json
d16,524288,512K,1.0,0.005,4500,0.29296875,2.890635929169948,0.7500074379617175,search_evals/sweep_prefix_003_d16_2x/top_aware_k1_a1_bsz524288_lr0p005_s42/result.json
d16,524288,512K,1.0,0.005,4550,0.2962239583333333,2.88185341857506,0.7500074379617175,search_evals/sweep_prefix_003_d16_2x/top_aware_k1_a1_bsz524288_lr0p005_s42/result.json
d16,524288,512K,1.0,0.005,4600,0.2994791666666667,2.881161683824572,0.7500074379617175,search_evals/sweep_prefix_003_d16_2x/top_aware_k1_a1_bsz524288_lr0p005_s42/result.json
d16,524288,512K,1.0,0.005,4650,0.302734375,2.8928554661906816,0.7500074379617175,search_evals/sweep_prefix_003_d16_2x/top_aware_k1_a1_bsz524288_lr0p005_s42/result.json
d16,524288,512K,1.0,0.005,4700,0.3059895833333333,2.88418707410759,0.7500074379617175,search_evals/sweep_prefix_003_d16_2x/top_aware_k1_a1_bsz524288_lr0p005_s42/result.json
d16,524288,512K,1.0,0.005,4750,0.3092447916666667,2.8791555162249014,0.7500074379617175,search_evals/sweep_prefix_003_d16_2x/top_aware_k1_a1_bsz524288_lr0p005_s42/result.json
d16,524288,512K,1.0,0.005,4800,0.3125,2.873554252289054,0.7500074379617175,search_evals/sweep_prefix_003_d16_2x/top_aware_k1_a1_bsz524288_lr0p005_s42/result.json
d16,524288,512K,1.0,0.005,4850,0.3157552083333333,2.8654949860963295,0.7500074379617175,search_evals/sweep_prefix_003_d16_2x/top_aware_k1_a1_bsz524288_lr0p005_s42/result.json
d16,524288,512K,1.0,0.005,4900,0.3190104166666667,2.8711005999080674,0.7500074379617175,search_evals/sweep_prefix_003_d16_2x/top_aware_k1_a1_bsz524288_lr0p005_s42/result.json
d16,524288,512K,1.0,0.005,4950,0.322265625,2.873304591411852,0.7500074379617175,search_evals/sweep_prefix_003_d16_2x/top_aware_k1_a1_bsz524288_lr0p005_s42/result.json
d16,524288,512K,1.0,0.005,5000,0.3255208333333333,2.875866737908294,0.7500074379617175,search_evals/sweep_prefix_003_d16_2x/top_aware_k1_a1_bsz524288_lr0p005_s42/result.json
d16,524288,512K,1.0,0.005,5050,0.3287760416666667,2.86745064797756,0.7500074379617175,search_evals/sweep_prefix_003_d16_2x/top_aware_k1_a1_bsz524288_lr0p005_s42/result.json
d16,524288,512K,1.0,0.005,5100,0.33203125,2.8666245520716758,0.7500074379617175,search_evals/sweep_prefix_003_d16_2x/top_aware_k1_a1_bsz524288_lr0p005_s42/result.json
d16,524288,512K,1.0,0.005,5150,0.3352864583333333,2.8693535798801655,0.7500074379617175,search_evals/sweep_prefix_003_d16_2x/top_aware_k1_a1_bsz524288_lr0p005_s42/result.json
d16,524288,512K,1.0,0.005,5200,0.3385416666666667,2.863136300035051,0.7500074379617175,search_evals/sweep_prefix_003_d16_2x/top_aware_k1_a1_bsz524288_lr0p005_s42/result.json
d16,524288,512K,1.0,0.005,5250,0.341796875,2.8672421403859083,0.7500074379617175,search_evals/sweep_prefix_003_d16_2x/top_aware_k1_a1_bsz524288_lr0p005_s42/result.json
d16,524288,512K,1.0,0.005,5300,0.3450520833333333,2.865474299584066,0.7500074379617175,search_evals/sweep_prefix_003_d16_2x/top_aware_k1_a1_bsz524288_lr0p005_s42/result.json
d16,524288,512K,1.0,0.005,5350,0.3483072916666667,2.8593596411086915,0.7500074379617175,search_evals/sweep_prefix_003_d16_2x/top_aware_k1_a1_bsz524288_lr0p005_s42/result.json
d16,524288,512K,1.0,0.005,5400,0.3515625,2.8690440447686654,0.7500074379617175,search_evals/sweep_prefix_003_d16_2x/top_aware_k1_a1_bsz524288_lr0p005_s42/result.json
d16,524288,512K,1.0,0.005,5450,0.3548177083333333,2.854413785454224,0.7500074379617175,search_evals/sweep_prefix_003_d16_2x/top_aware_k1_a1_bsz524288_lr0p005_s42/result.json
d16,524288,512K,1.0,0.005,5500,0.3580729166666667,2.8543683934377886,0.7500074379617175,search_evals/sweep_prefix_003_d16_2x/top_aware_k1_a1_bsz524288_lr0p005_s42/result.json
d16,524288,512K,1.0,0.005,5550,0.361328125,2.851828976091341,0.7500074379617175,search_evals/sweep_prefix_003_d16_2x/top_aware_k1_a1_bsz524288_lr0p005_s42/result.json
d16,524288,512K,1.0,0.005,5600,0.3645833333333333,2.8417305671288466,0.7500074379617175,search_evals/sweep_prefix_003_d16_2x/top_aware_k1_a1_bsz524288_lr0p005_s42/result.json
d16,524288,512K,1.0,0.005,5650,0.3678385416666667,2.8438828148265745,0.7500074379617175,search_evals/sweep_prefix_003_d16_2x/top_aware_k1_a1_bsz524288_lr0p005_s42/result.json
d16,524288,512K,1.0,0.005,5700,0.37109375,2.8454951447419927,0.7500074379617175,search_evals/sweep_prefix_003_d16_2x/top_aware_k1_a1_bsz524288_lr0p005_s42/result.json
d16,524288,512K,1.0,0.005,5750,0.3743489583333333,2.840351154114685,0.7500074379617175,search_evals/sweep_prefix_003_d16_2x/top_aware_k1_a1_bsz524288_lr0p005_s42/result.json
d16,524288,512K,1.0,0.005,5800,0.3776041666666667,2.8465202414056603,0.7500074379617175,search_evals/sweep_prefix_003_d16_2x/top_aware_k1_a1_bsz524288_lr0p005_s42/result.json
d16,524288,512K,1.0,0.005,5850,0.380859375,2.84215766831825,0.7500074379617175,search_evals/sweep_prefix_003_d16_2x/top_aware_k1_a1_bsz524288_lr0p005_s42/result.json
d16,524288,512K,1.0,0.005,5900,0.3841145833333333,2.830076437145681,0.7500074379617175,search_evals/sweep_prefix_003_d16_2x/top_aware_k1_a1_bsz524288_lr0p005_s42/result.json
d16,524288,512K,1.0,0.005,5950,0.3873697916666667,2.8398011101357996,0.7500074379617175,search_evals/sweep_prefix_003_d16_2x/top_aware_k1_a1_bsz524288_lr0p005_s42/result.json
d16,524288,512K,1.0,0.005,6000,0.390625,2.842820657297149,0.7500074379617175,search_evals/sweep_prefix_003_d16_2x/top_aware_k1_a1_bsz524288_lr0p005_s42/result.json
d16,524288,512K,1.0,0.005,6050,0.3938802083333333,2.829848781079818,0.7500074379617175,search_evals/sweep_prefix_003_d16_2x/top_aware_k1_a1_bsz524288_lr0p005_s42/result.json
d16,524288,512K,1.0,0.005,6100,0.3971354166666667,2.8319444632606654,0.7500074379617175,search_evals/sweep_prefix_003_d16_2x/top_aware_k1_a1_bsz524288_lr0p005_s42/result.json
d16,524288,512K,1.0,0.005,6150,0.400390625,2.8148887400585094,0.7500074379617175,search_evals/sweep_prefix_003_d16_2x/top_aware_k1_a1_bsz524288_lr0p005_s42/result.json
d16,524288,512K,1.0,0.005,6200,0.4036458333333333,2.8302597577002304,0.7500074379617175,search_evals/sweep_prefix_003_d16_2x/top_aware_k1_a1_bsz524288_lr0p005_s42/result.json
d16,524288,512K,1.0,0.005,6250,0.4069010416666667,2.8249787344719017,0.7500074379617175,search_evals/sweep_prefix_003_d16_2x/top_aware_k1_a1_bsz524288_lr0p005_s42/result.json
d16,524288,512K,1.0,0.005,6300,0.41015625,2.819957507024243,0.7500074379617175,search_evals/sweep_prefix_003_d16_2x/top_aware_k1_a1_bsz524288_lr0p005_s42/result.json
d16,524288,512K,1.0,0.005,6350,0.4134114583333333,2.8201717717715784,0.7500074379617175,search_evals/sweep_prefix_003_d16_2x/top_aware_k1_a1_bsz524288_lr0p005_s42/result.json
d16,524288,512K,1.0,0.005,6400,0.4166666666666667,2.813209861325421,0.7500074379617175,search_evals/sweep_prefix_003_d16_2x/top_aware_k1_a1_bsz524288_lr0p005_s42/result.json
d16,524288,512K,1.0,0.005,6450,0.419921875,2.817848003041151,0.7500074379617175,search_evals/sweep_prefix_003_d16_2x/top_aware_k1_a1_bsz524288_lr0p005_s42/result.json
d16,524288,512K,1.0,0.005,6500,0.4231770833333333,2.816835133532322,0.7500074379617175,search_evals/sweep_prefix_003_d16_2x/top_aware_k1_a1_bsz524288_lr0p005_s42/result.json
d16,524288,512K,1.0,0.005,6550,0.4264322916666667,2.814625073407357,0.7500074379617175,search_evals/sweep_prefix_003_d16_2x/top_aware_k1_a1_bsz524288_lr0p005_s42/result.json
d16,524288,512K,1.0,0.005,6600,0.4296875,2.8054612969400243,0.7500074379617175,search_evals/sweep_prefix_003_d16_2x/top_aware_k1_a1_bsz524288_lr0p005_s42/result.json
d16,524288,512K,1.0,0.005,6650,0.4329427083333333,2.8110042747718196,0.7500074379617175,search_evals/sweep_prefix_003_d16_2x/top_aware_k1_a1_bsz524288_lr0p005_s42/result.json
d16,524288,512K,1.0,0.005,6700,0.4361979166666667,2.8009511118360977,0.7500074379617175,search_evals/sweep_prefix_003_d16_2x/top_aware_k1_a1_bsz524288_lr0p005_s42/result.json
d16,524288,512K,1.0,0.005,6750,0.439453125,2.8006531743777066,0.7500074379617175,search_evals/sweep_prefix_003_d16_2x/top_aware_k1_a1_bsz524288_lr0p005_s42/result.json
d16,524288,512K,1.0,0.005,6800,0.4427083333333333,2.8026161370021767,0.7500074379617175,search_evals/sweep_prefix_003_d16_2x/top_aware_k1_a1_bsz524288_lr0p005_s42/result.json
d16,524288,512K,1.0,0.005,6850,0.4459635416666667,2.799641320799038,0.7500074379617175,search_evals/sweep_prefix_003_d16_2x/top_aware_k1_a1_bsz524288_lr0p005_s42/result.json
d16,524288,512K,1.0,0.005,6900,0.44921875,2.7974408465879232,0.7500074379617175,search_evals/sweep_prefix_003_d16_2x/top_aware_k1_a1_bsz524288_lr0p005_s42/result.json
d16,524288,512K,1.0,0.005,6950,0.4524739583333333,2.7908334632644243,0.7500074379617175,search_evals/sweep_prefix_003_d16_2x/top_aware_k1_a1_bsz524288_lr0p005_s42/result.json
d16,524288,512K,1.0,0.005,7000,0.4557291666666667,2.7870904021733036,0.7500074379617175,search_evals/sweep_prefix_003_d16_2x/top_aware_k1_a1_bsz524288_lr0p005_s42/result.json
d16,524288,512K,1.0,0.005,7050,0.458984375,2.7857991644537954,0.7500074379617175,search_evals/sweep_prefix_003_d16_2x/top_aware_k1_a1_bsz524288_lr0p005_s42/result.json
d16,524288,512K,1.0,0.005,7100,0.4622395833333333,2.78306168220438,0.7500074379617175,search_evals/sweep_prefix_003_d16_2x/top_aware_k1_a1_bsz524288_lr0p005_s42/result.json
d16,524288,512K,1.0,0.005,7150,0.4654947916666667,2.787715799718285,0.7500074379617175,search_evals/sweep_prefix_003_d16_2x/top_aware_k1_a1_bsz524288_lr0p005_s42/result.json
d16,524288,512K,1.0,0.005,7200,0.46875,2.7818450164176465,0.7500074379617175,search_evals/sweep_prefix_003_d16_2x/top_aware_k1_a1_bsz524288_lr0p005_s42/result.json
d16,524288,512K,1.0,0.005,7250,0.4720052083333333,2.78886693413358,0.7500074379617175,search_evals/sweep_prefix_003_d16_2x/top_aware_k1_a1_bsz524288_lr0p005_s42/result.json
d16,524288,512K,1.0,0.005,7300,0.4752604166666667,2.7803497700679,0.7500074379617175,search_evals/sweep_prefix_003_d16_2x/top_aware_k1_a1_bsz524288_lr0p005_s42/result.json
d16,524288,512K,1.0,0.005,7350,0.478515625,2.77239583079738,0.7500074379617175,search_evals/sweep_prefix_003_d16_2x/top_aware_k1_a1_bsz524288_lr0p005_s42/result.json
d16,524288,512K,1.0,0.005,7400,0.4817708333333333,2.779786206655653,0.7500074379617175,search_evals/sweep_prefix_003_d16_2x/top_aware_k1_a1_bsz524288_lr0p005_s42/result.json
d16,524288,512K,1.0,0.005,7450,0.4850260416666667,2.7743998870340585,0.7500074379617175,search_evals/sweep_prefix_003_d16_2x/top_aware_k1_a1_bsz524288_lr0p005_s42/result.json
d16,524288,512K,1.0,0.005,7500,0.48828125,2.7709063376999143,0.7500074379617175,search_evals/sweep_prefix_003_d16_2x/top_aware_k1_a1_bsz524288_lr0p005_s42/result.json
d16,524288,512K,1.0,0.005,7550,0.4915364583333333,2.7686556049312325,0.7500074379617175,search_evals/sweep_prefix_003_d16_2x/top_aware_k1_a1_bsz524288_lr0p005_s42/result.json
d16,524288,512K,1.0,0.005,7600,0.4947916666666667,2.771893936791728,0.7500074379617175,search_evals/sweep_prefix_003_d16_2x/top_aware_k1_a1_bsz524288_lr0p005_s42/result.json
d16,524288,512K,1.0,0.005,7650,0.498046875,2.7679925210037677,0.7500074379617175,search_evals/sweep_prefix_003_d16_2x/top_aware_k1_a1_bsz524288_lr0p005_s42/result.json
d16,524288,512K,1.0,0.005,7700,0.5013020833333334,2.750403788343118,0.7500074379617175,search_evals/sweep_prefix_003_d16_2x/top_aware_k1_a1_bsz524288_lr0p005_s42/result.json
d16,524288,512K,1.0,0.005,7750,0.5045572916666666,2.645025413972477,0.7500074379617175,search_evals/sweep_prefix_003_d16_2x/top_aware_k1_a1_bsz524288_lr0p005_s42/result.json
d16,524288,512K,1.0,0.005,7800,0.5078125,2.6471869507237336,0.7500074379617175,search_evals/sweep_prefix_003_d16_2x/top_aware_k1_a1_bsz524288_lr0p005_s42/result.json
d16,524288,512K,1.0,0.005,7850,0.5110677083333334,2.6409951820684845,0.7500074379617175,search_evals/sweep_prefix_003_d16_2x/top_aware_k1_a1_bsz524288_lr0p005_s42/result.json
d16,524288,512K,1.0,0.005,7900,0.5143229166666666,2.671124230705979,0.7500074379617175,search_evals/sweep_prefix_003_d16_2x/top_aware_k1_a1_bsz524288_lr0p005_s42/result.json
d16,524288,512K,1.0,0.005,7950,0.517578125,2.676537591709012,0.7500074379617175,search_evals/sweep_prefix_003_d16_2x/top_aware_k1_a1_bsz524288_lr0p005_s42/result.json
d16,524288,512K,1.0,0.005,8000,0.5208333333333334,2.672709114960371,0.7500074379617175,search_evals/sweep_prefix_003_d16_2x/top_aware_k1_a1_bsz524288_lr0p005_s42/result.json
d16,524288,512K,1.0,0.005,8050,0.5240885416666666,2.6684191896301175,0.7500074379617175,search_evals/sweep_prefix_003_d16_2x/top_aware_k1_a1_bsz524288_lr0p005_s42/result.json
d16,524288,512K,1.0,0.005,8100,0.52734375,2.7417379374675646,0.7500074379617175,search_evals/sweep_prefix_003_d16_2x/top_aware_k1_a1_bsz524288_lr0p005_s42/result.json
d16,524288,512K,1.0,0.005,8150,0.5305989583333334,2.7733544771332532,0.7500074379617175,search_evals/sweep_prefix_003_d16_2x/top_aware_k1_a1_bsz524288_lr0p005_s42/result.json
d16,524288,512K,1.0,0.005,8200,0.5338541666666666,2.7611760689157516,0.7500074379617175,search_evals/sweep_prefix_003_d16_2x/top_aware_k1_a1_bsz524288_lr0p005_s42/result.json
d16,524288,512K,1.0,0.005,8250,0.537109375,2.7613039866734645,0.7500074379617175,search_evals/sweep_prefix_003_d16_2x/top_aware_k1_a1_bsz524288_lr0p005_s42/result.json
d16,524288,512K,1.0,0.005,8300,0.5403645833333334,2.7485266759397704,0.7500074379617175,search_evals/sweep_prefix_003_d16_2x/top_aware_k1_a1_bsz524288_lr0p005_s42/result.json
d16,524288,512K,1.0,0.005,8350,0.5436197916666666,2.7498907011232365,0.7500074379617175,search_evals/sweep_prefix_003_d16_2x/top_aware_k1_a1_bsz524288_lr0p005_s42/result.json
d16,524288,512K,1.0,0.005,8400,0.546875,2.7364619915113004,0.7500074379617175,search_evals/sweep_prefix_003_d16_2x/top_aware_k1_a1_bsz524288_lr0p005_s42/result.json
d16,524288,512K,1.0,0.005,8450,0.5501302083333334,2.7444504604913393,0.7500074379617175,search_evals/sweep_prefix_003_d16_2x/top_aware_k1_a1_bsz524288_lr0p005_s42/result.json
d16,524288,512K,1.0,0.005,8500,0.5533854166666666,2.749732766301199,0.7500074379617175,search_evals/sweep_prefix_003_d16_2x/top_aware_k1_a1_bsz524288_lr0p005_s42/result.json
d16,524288,512K,1.0,0.005,8550,0.556640625,2.740121235284766,0.7500074379617175,search_evals/sweep_prefix_003_d16_2x/top_aware_k1_a1_bsz524288_lr0p005_s42/result.json
d16,524288,512K,1.0,0.005,8600,0.5598958333333334,2.736077980751918,0.7500074379617175,search_evals/sweep_prefix_003_d16_2x/top_aware_k1_a1_bsz524288_lr0p005_s42/result.json
d16,524288,512K,1.0,0.005,8650,0.5631510416666666,2.7341376181069563,0.7500074379617175,search_evals/sweep_prefix_003_d16_2x/top_aware_k1_a1_bsz524288_lr0p005_s42/result.json
d16,524288,512K,1.0,0.005,8700,0.56640625,2.7334099134327263,0.7500074379617175,search_evals/sweep_prefix_003_d16_2x/top_aware_k1_a1_bsz524288_lr0p005_s42/result.json
d16,524288,512K,1.0,0.005,8750,0.5696614583333334,2.731017013816251,0.7500074379617175,search_evals/sweep_prefix_003_d16_2x/top_aware_k1_a1_bsz524288_lr0p005_s42/result.json
d16,524288,512K,1.0,0.005,8800,0.5729166666666666,2.740946361465332,0.7500074379617175,search_evals/sweep_prefix_003_d16_2x/top_aware_k1_a1_bsz524288_lr0p005_s42/result.json
d16,524288,512K,1.0,0.005,8850,0.576171875,2.722554513375494,0.7500074379617175,search_evals/sweep_prefix_003_d16_2x/top_aware_k1_a1_bsz524288_lr0p005_s42/result.json
d16,524288,512K,1.0,0.005,8900,0.5794270833333334,2.7245024295963765,0.7500074379617175,search_evals/sweep_prefix_003_d16_2x/top_aware_k1_a1_bsz524288_lr0p005_s42/result.json
d16,524288,512K,1.0,0.005,8950,0.5826822916666666,2.7210929243776807,0.7500074379617175,search_evals/sweep_prefix_003_d16_2x/top_aware_k1_a1_bsz524288_lr0p005_s42/result.json
d16,524288,512K,1.0,0.005,9000,0.5859375,2.723486720935035,0.7500074379617175,search_evals/sweep_prefix_003_d16_2x/top_aware_k1_a1_bsz524288_lr0p005_s42/result.json
d16,524288,512K,1.0,0.005,9050,0.5891927083333334,2.719938784906532,0.7500074379617175,search_evals/sweep_prefix_003_d16_2x/top_aware_k1_a1_bsz524288_lr0p005_s42/result.json
d16,524288,512K,1.0,0.005,9100,0.5924479166666666,2.7237072479008058,0.7500074379617175,search_evals/sweep_prefix_003_d16_2x/top_aware_k1_a1_bsz524288_lr0p005_s42/result.json
d16,524288,512K,1.0,0.005,9150,0.595703125,2.709946059256529,0.7500074379617175,search_evals/sweep_prefix_003_d16_2x/top_aware_k1_a1_bsz524288_lr0p005_s42/result.json
d16,524288,512K,1.0,0.005,9200,0.5989583333333334,2.7134608381193086,0.7500074379617175,search_evals/sweep_prefix_003_d16_2x/top_aware_k1_a1_bsz524288_lr0p005_s42/result.json
d16,524288,512K,1.0,0.005,9250,0.6022135416666666,2.706258179612566,0.7500074379617175,search_evals/sweep_prefix_003_d16_2x/top_aware_k1_a1_bsz524288_lr0p005_s42/result.json
d16,524288,512K,1.0,0.005,9300,0.60546875,2.7044985310642122,0.7500074379617175,search_evals/sweep_prefix_003_d16_2x/top_aware_k1_a1_bsz524288_lr0p005_s42/result.json
d16,524288,512K,1.0,0.005,9350,0.6087239583333334,2.6995471484876687,0.7500074379617175,search_evals/sweep_prefix_003_d16_2x/top_aware_k1_a1_bsz524288_lr0p005_s42/result.json
d16,524288,512K,1.0,0.005,9400,0.6119791666666666,2.707149438869273,0.7500074379617175,search_evals/sweep_prefix_003_d16_2x/top_aware_k1_a1_bsz524288_lr0p005_s42/result.json
d16,524288,512K,1.0,0.005,9450,0.615234375,2.700229477305818,0.7500074379617175,search_evals/sweep_prefix_003_d16_2x/top_aware_k1_a1_bsz524288_lr0p005_s42/result.json
d16,524288,512K,1.0,0.005,9500,0.6184895833333334,2.692488322318791,0.7500074379617175,search_evals/sweep_prefix_003_d16_2x/top_aware_k1_a1_bsz524288_lr0p005_s42/result.json
d16,524288,512K,1.0,0.005,9550,0.6217447916666666,2.6892039715091705,0.7500074379617175,search_evals/sweep_prefix_003_d16_2x/top_aware_k1_a1_bsz524288_lr0p005_s42/result.json
d16,524288,512K,1.0,0.005,9600,0.625,2.697386073492109,0.7500074379617175,search_evals/sweep_prefix_003_d16_2x/top_aware_k1_a1_bsz524288_lr0p005_s42/result.json
d16,524288,512K,1.0,0.005,9650,0.6282552083333334,2.6969685256293916,0.7500074379617175,search_evals/sweep_prefix_003_d16_2x/top_aware_k1_a1_bsz524288_lr0p005_s42/result.json
d16,524288,512K,1.0,0.005,9700,0.6315104166666666,2.6901242564061234,0.7500074379617175,search_evals/sweep_prefix_003_d16_2x/top_aware_k1_a1_bsz524288_lr0p005_s42/result.json
d16,524288,512K,1.0,0.005,9750,0.634765625,2.6851794788251064,0.7500074379617175,search_evals/sweep_prefix_003_d16_2x/top_aware_k1_a1_bsz524288_lr0p005_s42/result.json
d16,524288,512K,1.0,0.005,9800,0.6380208333333334,2.6913886746727993,0.7500074379617175,search_evals/sweep_prefix_003_d16_2x/top_aware_k1_a1_bsz524288_lr0p005_s42/result.json
d16,524288,512K,1.0,0.005,9850,0.6412760416666666,2.6860161244140115,0.7500074379617175,search_evals/sweep_prefix_003_d16_2x/top_aware_k1_a1_bsz524288_lr0p005_s42/result.json
d16,524288,512K,1.0,0.005,9900,0.64453125,2.687334641161279,0.7500074379617175,search_evals/sweep_prefix_003_d16_2x/top_aware_k1_a1_bsz524288_lr0p005_s42/result.json
d16,524288,512K,1.0,0.005,9950,0.6477864583333334,2.6776299943092154,0.7500074379617175,search_evals/sweep_prefix_003_d16_2x/top_aware_k1_a1_bsz524288_lr0p005_s42/result.json
d16,524288,512K,1.0,0.005,10000,0.6510416666666666,2.683893256170739,0.7500074379617175,search_evals/sweep_prefix_003_d16_2x/top_aware_k1_a1_bsz524288_lr0p005_s42/result.json
d16,524288,512K,1.0,0.005,10050,0.654296875,2.6810863906127564,0.7500074379617175,search_evals/sweep_prefix_003_d16_2x/top_aware_k1_a1_bsz524288_lr0p005_s42/result.json
d16,524288,512K,1.0,0.005,10100,0.6575520833333334,2.6799763179076828,0.7500074379617175,search_evals/sweep_prefix_003_d16_2x/top_aware_k1_a1_bsz524288_lr0p005_s42/result.json
d16,524288,512K,1.0,0.005,10150,0.6608072916666666,2.6746051928296533,0.7500074379617175,search_evals/sweep_prefix_003_d16_2x/top_aware_k1_a1_bsz524288_lr0p005_s42/result.json
d16,524288,512K,1.0,0.005,10200,0.6640625,2.6722414662099965,0.7500074379617175,search_evals/sweep_prefix_003_d16_2x/top_aware_k1_a1_bsz524288_lr0p005_s42/result.json
d16,524288,512K,1.0,0.005,10250,0.6673177083333334,2.671166846984705,0.7500074379617175,search_evals/sweep_prefix_003_d16_2x/top_aware_k1_a1_bsz524288_lr0p005_s42/result.json
d16,524288,512K,1.0,0.005,10300,0.6705729166666666,2.667122941343017,0.7500074379617175,search_evals/sweep_prefix_003_d16_2x/top_aware_k1_a1_bsz524288_lr0p005_s42/result.json
d16,524288,512K,1.0,0.005,10350,0.673828125,2.6841247037856495,0.7500074379617175,search_evals/sweep_prefix_003_d16_2x/top_aware_k1_a1_bsz524288_lr0p005_s42/result.json
d16,524288,512K,1.0,0.005,10400,0.6770833333333334,2.6544747856279267,0.7500074379617175,search_evals/sweep_prefix_003_d16_2x/top_aware_k1_a1_bsz524288_lr0p005_s42/result.json
d16,524288,512K,1.0,0.005,10450,0.6803385416666666,2.667990724971239,0.7500074379617175,search_evals/sweep_prefix_003_d16_2x/top_aware_k1_a1_bsz524288_lr0p005_s42/result.json
d16,524288,512K,1.0,0.005,10500,0.68359375,2.663878805961193,0.7500074379617175,search_evals/sweep_prefix_003_d16_2x/top_aware_k1_a1_bsz524288_lr0p005_s42/result.json
d16,524288,512K,1.0,0.005,10550,0.6868489583333334,2.6582865402766243,0.7500074379617175,search_evals/sweep_prefix_003_d16_2x/top_aware_k1_a1_bsz524288_lr0p005_s42/result.json
d16,524288,512K,1.0,0.005,10600,0.6901041666666666,2.6563020572540967,0.7500074379617175,search_evals/sweep_prefix_003_d16_2x/top_aware_k1_a1_bsz524288_lr0p005_s42/result.json
d16,524288,512K,1.0,0.005,10650,0.693359375,2.666223690963436,0.7500074379617175,search_evals/sweep_prefix_003_d16_2x/top_aware_k1_a1_bsz524288_lr0p005_s42/result.json
d16,524288,512K,1.0,0.005,10700,0.6966145833333334,2.6570252310490527,0.7500074379617175,search_evals/sweep_prefix_003_d16_2x/top_aware_k1_a1_bsz524288_lr0p005_s42/result.json
d16,524288,512K,1.0,0.005,10750,0.6998697916666666,2.6415556446523243,0.7500074379617175,search_evals/sweep_prefix_003_d16_2x/top_aware_k1_a1_bsz524288_lr0p005_s42/result.json
d16,524288,512K,1.0,0.005,10800,0.703125,2.6429016472204614,0.7500074379617175,search_evals/sweep_prefix_003_d16_2x/top_aware_k1_a1_bsz524288_lr0p005_s42/result.json
d16,524288,512K,1.0,0.005,10850,0.7063802083333334,2.6413080178562103,0.7500074379617175,search_evals/sweep_prefix_003_d16_2x/top_aware_k1_a1_bsz524288_lr0p005_s42/result.json
d16,524288,512K,1.0,0.005,10900,0.7096354166666666,2.64123878397546,0.7500074379617175,search_evals/sweep_prefix_003_d16_2x/top_aware_k1_a1_bsz524288_lr0p005_s42/result.json
d16,524288,512K,1.0,0.005,10950,0.712890625,2.6499146655387005,0.7500074379617175,search_evals/sweep_prefix_003_d16_2x/top_aware_k1_a1_bsz524288_lr0p005_s42/result.json
d16,524288,512K,1.0,0.005,11000,0.7161458333333334,2.6436420020852776,0.7500074379617175,search_evals/sweep_prefix_003_d16_2x/top_aware_k1_a1_bsz524288_lr0p005_s42/result.json
d16,524288,512K,1.0,0.005,11050,0.7194010416666666,2.6282889019806874,0.7500074379617175,search_evals/sweep_prefix_003_d16_2x/top_aware_k1_a1_bsz524288_lr0p005_s42/result.json
d16,524288,512K,1.0,0.005,11100,0.72265625,2.644525162306136,0.7500074379617175,search_evals/sweep_prefix_003_d16_2x/top_aware_k1_a1_bsz524288_lr0p005_s42/result.json
d16,524288,512K,1.0,0.005,11150,0.7259114583333334,2.6328935627085444,0.7500074379617175,search_evals/sweep_prefix_003_d16_2x/top_aware_k1_a1_bsz524288_lr0p005_s42/result.json
d16,524288,512K,1.0,0.005,11200,0.7291666666666666,2.6402481354251255,0.7500074379617175,search_evals/sweep_prefix_003_d16_2x/top_aware_k1_a1_bsz524288_lr0p005_s42/result.json
d16,524288,512K,1.0,0.005,11250,0.732421875,2.625140856391719,0.7500074379617175,search_evals/sweep_prefix_003_d16_2x/top_aware_k1_a1_bsz524288_lr0p005_s42/result.json
d16,524288,512K,1.0,0.005,11300,0.7356770833333334,2.6319218755001,0.7500074379617175,search_evals/sweep_prefix_003_d16_2x/top_aware_k1_a1_bsz524288_lr0p005_s42/result.json
d16,524288,512K,1.0,0.005,11350,0.7389322916666666,2.6328912412177634,0.7500074379617175,search_evals/sweep_prefix_003_d16_2x/top_aware_k1_a1_bsz524288_lr0p005_s42/result.json
d16,524288,512K,1.0,0.005,11400,0.7421875,2.6251189302189726,0.7500074379617175,search_evals/sweep_prefix_003_d16_2x/top_aware_k1_a1_bsz524288_lr0p005_s42/result.json
d16,524288,512K,1.0,0.005,11450,0.7454427083333334,2.6250615755034628,0.7500074379617175,search_evals/sweep_prefix_003_d16_2x/top_aware_k1_a1_bsz524288_lr0p005_s42/result.json
d16,524288,512K,1.0,0.005,11500,0.7486979166666666,2.620056969535573,0.7500074379617175,search_evals/sweep_prefix_003_d16_2x/top_aware_k1_a1_bsz524288_lr0p005_s42/result.json
d16,524288,512K,1.0,0.005,11550,0.751953125,2.613842222077248,0.7500074379617175,search_evals/sweep_prefix_003_d16_2x/top_aware_k1_a1_bsz524288_lr0p005_s42/result.json
d16,524288,512K,1.0,0.005,11600,0.7552083333333334,2.621779893106371,0.7500074379617175,search_evals/sweep_prefix_003_d16_2x/top_aware_k1_a1_bsz524288_lr0p005_s42/result.json
d16,524288,512K,1.0,0.005,11650,0.7584635416666666,2.6200476948389007,0.7500074379617175,search_evals/sweep_prefix_003_d16_2x/top_aware_k1_a1_bsz524288_lr0p005_s42/result.json
d16,524288,512K,1.0,0.005,11700,0.76171875,2.616537896400482,0.7500074379617175,search_evals/sweep_prefix_003_d16_2x/top_aware_k1_a1_bsz524288_lr0p005_s42/result.json
d16,524288,512K,1.0,0.005,11750,0.7649739583333334,2.608110766113988,0.7500074379617175,search_evals/sweep_prefix_003_d16_2x/top_aware_k1_a1_bsz524288_lr0p005_s42/result.json
d16,524288,512K,1.0,0.005,11800,0.7682291666666666,2.6058882557846603,0.7500074379617175,search_evals/sweep_prefix_003_d16_2x/top_aware_k1_a1_bsz524288_lr0p005_s42/result.json
d16,524288,512K,1.0,0.005,11850,0.771484375,2.6081179625785116,0.7500074379617175,search_evals/sweep_prefix_003_d16_2x/top_aware_k1_a1_bsz524288_lr0p005_s42/result.json
d16,524288,512K,1.0,0.005,11900,0.7747395833333334,2.6049809218230986,0.7500074379617175,search_evals/sweep_prefix_003_d16_2x/top_aware_k1_a1_bsz524288_lr0p005_s42/result.json
d16,524288,512K,1.0,0.005,11950,0.7779947916666666,2.604907599604318,0.7500074379617175,search_evals/sweep_prefix_003_d16_2x/top_aware_k1_a1_bsz524288_lr0p005_s42/result.json
d16,524288,512K,1.0,0.005,12000,0.78125,2.600000307257808,0.7500074379617175,search_evals/sweep_prefix_003_d16_2x/top_aware_k1_a1_bsz524288_lr0p005_s42/result.json
d16,524288,512K,1.0,0.005,12050,0.7845052083333334,2.5982029386910686,0.7500074379617175,search_evals/sweep_prefix_003_d16_2x/top_aware_k1_a1_bsz524288_lr0p005_s42/result.json
d16,524288,512K,1.0,0.005,12100,0.7877604166666666,2.5944950744714905,0.7500074379617175,search_evals/sweep_prefix_003_d16_2x/top_aware_k1_a1_bsz524288_lr0p005_s42/result.json
d16,524288,512K,1.0,0.005,12150,0.791015625,2.6026645013246936,0.7500074379617175,search_evals/sweep_prefix_003_d16_2x/top_aware_k1_a1_bsz524288_lr0p005_s42/result.json
d16,524288,512K,1.0,0.005,12200,0.7942708333333334,2.5941337730290868,0.7500074379617175,search_evals/sweep_prefix_003_d16_2x/top_aware_k1_a1_bsz524288_lr0p005_s42/result.json
d16,524288,512K,1.0,0.005,12250,0.7975260416666666,2.589766370085628,0.7500074379617175,search_evals/sweep_prefix_003_d16_2x/top_aware_k1_a1_bsz524288_lr0p005_s42/result.json
d16,524288,512K,1.0,0.005,12300,0.80078125,2.5945746107280794,0.7500074379617175,search_evals/sweep_prefix_003_d16_2x/top_aware_k1_a1_bsz524288_lr0p005_s42/result.json
d16,524288,512K,1.0,0.005,12350,0.8040364583333334,2.599308902761394,0.7500074379617175,search_evals/sweep_prefix_003_d16_2x/top_aware_k1_a1_bsz524288_lr0p005_s42/result.json
d16,524288,512K,1.0,0.005,12400,0.8072916666666666,2.588525063158073,0.7500074379617175,search_evals/sweep_prefix_003_d16_2x/top_aware_k1_a1_bsz524288_lr0p005_s42/result.json
d16,524288,512K,1.0,0.005,12450,0.810546875,2.580155213766737,0.7500074379617175,search_evals/sweep_prefix_003_d16_2x/top_aware_k1_a1_bsz524288_lr0p005_s42/result.json
d16,524288,512K,1.0,0.005,12500,0.8138020833333334,2.5855894081010273,0.7500074379617175,search_evals/sweep_prefix_003_d16_2x/top_aware_k1_a1_bsz524288_lr0p005_s42/result.json
d16,524288,512K,1.0,0.005,12550,0.8170572916666666,2.588297018637763,0.7500074379617175,search_evals/sweep_prefix_003_d16_2x/top_aware_k1_a1_bsz524288_lr0p005_s42/result.json
d16,524288,512K,1.0,0.005,12600,0.8203125,2.5775062784545653,0.7500074379617175,search_evals/sweep_prefix_003_d16_2x/top_aware_k1_a1_bsz524288_lr0p005_s42/result.json
d16,524288,512K,1.0,0.005,12650,0.8235677083333334,2.5840559176299385,0.7500074379617175,search_evals/sweep_prefix_003_d16_2x/top_aware_k1_a1_bsz524288_lr0p005_s42/result.json
d16,524288,512K,1.0,0.005,12700,0.8268229166666666,2.5794730452160333,0.7500074379617175,search_evals/sweep_prefix_003_d16_2x/top_aware_k1_a1_bsz524288_lr0p005_s42/result.json
d16,524288,512K,1.0,0.005,12750,0.830078125,2.5758784998461213,0.7500074379617175,search_evals/sweep_prefix_003_d16_2x/top_aware_k1_a1_bsz524288_lr0p005_s42/result.json
d16,524288,512K,1.0,0.005,12800,0.8333333333333334,2.574660430817589,0.7500074379617175,search_evals/sweep_prefix_003_d16_2x/top_aware_k1_a1_bsz524288_lr0p005_s42/result.json
d16,524288,512K,1.0,0.005,12850,0.8365885416666666,2.5685406193143465,0.7500074379617175,search_evals/sweep_prefix_003_d16_2x/top_aware_k1_a1_bsz524288_lr0p005_s42/result.json
d16,524288,512K,1.0,0.005,12900,0.83984375,2.5697523534983504,0.7500074379617175,search_evals/sweep_prefix_003_d16_2x/top_aware_k1_a1_bsz524288_lr0p005_s42/result.json
d16,524288,512K,1.0,0.005,12950,0.8430989583333334,2.5620535694641,0.7500074379617175,search_evals/sweep_prefix_003_d16_2x/top_aware_k1_a1_bsz524288_lr0p005_s42/result.json
d16,524288,512K,1.0,0.005,13000,0.8463541666666666,2.5641090554323815,0.7500074379617175,search_evals/sweep_prefix_003_d16_2x/top_aware_k1_a1_bsz524288_lr0p005_s42/result.json
d16,524288,512K,1.0,0.005,13050,0.849609375,2.561647539327862,0.7500074379617175,search_evals/sweep_prefix_003_d16_2x/top_aware_k1_a1_bsz524288_lr0p005_s42/result.json
d16,524288,512K,1.0,0.005,13100,0.8528645833333334,2.5711120152088776,0.7500074379617175,search_evals/sweep_prefix_003_d16_2x/top_aware_k1_a1_bsz524288_lr0p005_s42/result.json
d16,524288,512K,1.0,0.005,13150,0.8561197916666666,2.5542251011592363,0.7500074379617175,search_evals/sweep_prefix_003_d16_2x/top_aware_k1_a1_bsz524288_lr0p005_s42/result.json
d16,524288,512K,1.0,0.005,13200,0.859375,2.563235675897971,0.7500074379617175,search_evals/sweep_prefix_003_d16_2x/top_aware_k1_a1_bsz524288_lr0p005_s42/result.json
d16,524288,512K,1.0,0.005,13250,0.8626302083333334,2.561212318767226,0.7500074379617175,search_evals/sweep_prefix_003_d16_2x/top_aware_k1_a1_bsz524288_lr0p005_s42/result.json
d16,524288,512K,1.0,0.005,13300,0.8658854166666666,2.5578822090638593,0.7500074379617175,search_evals/sweep_prefix_003_d16_2x/top_aware_k1_a1_bsz524288_lr0p005_s42/result.json
d16,524288,512K,1.0,0.005,13350,0.869140625,2.5615746360290914,0.7500074379617175,search_evals/sweep_prefix_003_d16_2x/top_aware_k1_a1_bsz524288_lr0p005_s42/result.json
d16,524288,512K,1.0,0.005,13400,0.8723958333333334,2.551223673335004,0.7500074379617175,search_evals/sweep_prefix_003_d16_2x/top_aware_k1_a1_bsz524288_lr0p005_s42/result.json
d16,524288,512K,1.0,0.005,13450,0.8756510416666666,2.5478997789120075,0.7500074379617175,search_evals/sweep_prefix_003_d16_2x/top_aware_k1_a1_bsz524288_lr0p005_s42/result.json
d16,524288,512K,1.0,0.005,13500,0.87890625,2.557055581062326,0.7500074379617175,search_evals/sweep_prefix_003_d16_2x/top_aware_k1_a1_bsz524288_lr0p005_s42/result.json
d16,524288,512K,1.0,0.005,13550,0.8821614583333334,2.5499185147170857,0.7500074379617175,search_evals/sweep_prefix_003_d16_2x/top_aware_k1_a1_bsz524288_lr0p005_s42/result.json
d16,524288,512K,1.0,0.005,13600,0.8854166666666666,2.5466479268267257,0.7500074379617175,search_evals/sweep_prefix_003_d16_2x/top_aware_k1_a1_bsz524288_lr0p005_s42/result.json
d16,524288,512K,1.0,0.005,13650,0.888671875,2.5400606856145895,0.7500074379617175,search_evals/sweep_prefix_003_d16_2x/top_aware_k1_a1_bsz524288_lr0p005_s42/result.json
d16,524288,512K,1.0,0.005,13700,0.8919270833333334,2.552235012512801,0.7500074379617175,search_evals/sweep_prefix_003_d16_2x/top_aware_k1_a1_bsz524288_lr0p005_s42/result.json
d16,524288,512K,1.0,0.005,13750,0.8951822916666666,2.5425824698887336,0.7500074379617175,search_evals/sweep_prefix_003_d16_2x/top_aware_k1_a1_bsz524288_lr0p005_s42/result.json
d16,524288,512K,1.0,0.005,13800,0.8984375,2.550978458712615,0.7500074379617175,search_evals/sweep_prefix_003_d16_2x/top_aware_k1_a1_bsz524288_lr0p005_s42/result.json
d16,524288,512K,1.0,0.005,13850,0.9016927083333334,2.5347913925499874,0.7500074379617175,search_evals/sweep_prefix_003_d16_2x/top_aware_k1_a1_bsz524288_lr0p005_s42/result.json
d16,524288,512K,1.0,0.005,13900,0.9049479166666666,2.5313140415400355,0.7500074379617175,search_evals/sweep_prefix_003_d16_2x/top_aware_k1_a1_bsz524288_lr0p005_s42/result.json
d16,524288,512K,1.0,0.005,13950,0.908203125,2.5458391378364613,0.7500074379617175,search_evals/sweep_prefix_003_d16_2x/top_aware_k1_a1_bsz524288_lr0p005_s42/result.json
d16,524288,512K,1.0,0.005,14000,0.9114583333333334,2.5368329116298556,0.7500074379617175,search_evals/sweep_prefix_003_d16_2x/top_aware_k1_a1_bsz524288_lr0p005_s42/result.json
d16,524288,512K,1.0,0.005,14050,0.9147135416666666,2.523685026542526,0.7500074379617175,search_evals/sweep_prefix_003_d16_2x/top_aware_k1_a1_bsz524288_lr0p005_s42/result.json
d16,524288,512K,1.0,0.005,14100,0.91796875,2.534886630638455,0.7500074379617175,search_evals/sweep_prefix_003_d16_2x/top_aware_k1_a1_bsz524288_lr0p005_s42/result.json
d16,524288,512K,1.0,0.005,14150,0.9212239583333334,2.532448078058452,0.7500074379617175,search_evals/sweep_prefix_003_d16_2x/top_aware_k1_a1_bsz524288_lr0p005_s42/result.json
d16,524288,512K,1.0,0.005,14200,0.9244791666666666,2.52759291077324,0.7500074379617175,search_evals/sweep_prefix_003_d16_2x/top_aware_k1_a1_bsz524288_lr0p005_s42/result.json
d16,524288,512K,1.0,0.005,14250,0.927734375,2.5277795741415554,0.7500074379617175,search_evals/sweep_prefix_003_d16_2x/top_aware_k1_a1_bsz524288_lr0p005_s42/result.json
d16,524288,512K,1.0,0.005,14300,0.9309895833333334,2.5302031345236053,0.7500074379617175,search_evals/sweep_prefix_003_d16_2x/top_aware_k1_a1_bsz524288_lr0p005_s42/result.json
d16,524288,512K,1.0,0.005,14350,0.9342447916666666,2.528293883543267,0.7500074379617175,search_evals/sweep_prefix_003_d16_2x/top_aware_k1_a1_bsz524288_lr0p005_s42/result.json
d16,524288,512K,1.0,0.005,14400,0.9375,2.5245583958103746,0.7500074379617175,search_evals/sweep_prefix_003_d16_2x/top_aware_k1_a1_bsz524288_lr0p005_s42/result.json
d16,524288,512K,1.0,0.005,14450,0.9407552083333334,2.5215592197487724,0.7500074379617175,search_evals/sweep_prefix_003_d16_2x/top_aware_k1_a1_bsz524288_lr0p005_s42/result.json
d16,524288,512K,1.0,0.005,14500,0.9440104166666666,2.522205721729846,0.7500074379617175,search_evals/sweep_prefix_003_d16_2x/top_aware_k1_a1_bsz524288_lr0p005_s42/result.json
d16,524288,512K,1.0,0.005,14550,0.947265625,2.508724288864895,0.7500074379617175,search_evals/sweep_prefix_003_d16_2x/top_aware_k1_a1_bsz524288_lr0p005_s42/result.json
d16,524288,512K,1.0,0.005,14600,0.9505208333333334,2.520278347125774,0.7500074379617175,search_evals/sweep_prefix_003_d16_2x/top_aware_k1_a1_bsz524288_lr0p005_s42/result.json
d16,524288,512K,1.0,0.005,14650,0.9537760416666666,2.512496604265143,0.7500074379617175,search_evals/sweep_prefix_003_d16_2x/top_aware_k1_a1_bsz524288_lr0p005_s42/result.json
d16,524288,512K,1.0,0.005,14700,0.95703125,2.5123896159023853,0.7500074379617175,search_evals/sweep_prefix_003_d16_2x/top_aware_k1_a1_bsz524288_lr0p005_s42/result.json
d16,524288,512K,1.0,0.005,14750,0.9602864583333334,2.5115427418132064,0.7500074379617175,search_evals/sweep_prefix_003_d16_2x/top_aware_k1_a1_bsz524288_lr0p005_s42/result.json
d16,524288,512K,1.0,0.005,14800,0.9635416666666666,2.509999345114795,0.7500074379617175,search_evals/sweep_prefix_003_d16_2x/top_aware_k1_a1_bsz524288_lr0p005_s42/result.json
d16,524288,512K,1.0,0.005,14850,0.966796875,2.5100170195407383,0.7500074379617175,search_evals/sweep_prefix_003_d16_2x/top_aware_k1_a1_bsz524288_lr0p005_s42/result.json
d16,524288,512K,1.0,0.005,14900,0.9700520833333334,2.5092944171631513,0.7500074379617175,search_evals/sweep_prefix_003_d16_2x/top_aware_k1_a1_bsz524288_lr0p005_s42/result.json
d16,524288,512K,1.0,0.005,14950,0.9733072916666666,2.51018423005869,0.7500074379617175,search_evals/sweep_prefix_003_d16_2x/top_aware_k1_a1_bsz524288_lr0p005_s42/result.json
d16,524288,512K,1.0,0.005,15000,0.9765625,2.5012489254786034,0.7500074379617175,search_evals/sweep_prefix_003_d16_2x/top_aware_k1_a1_bsz524288_lr0p005_s42/result.json
d16,524288,512K,1.0,0.005,15050,0.9798177083333334,2.4959705958115648,0.7500074379617175,search_evals/sweep_prefix_003_d16_2x/top_aware_k1_a1_bsz524288_lr0p005_s42/result.json
d16,524288,512K,1.0,0.005,15100,0.9830729166666666,2.506779026490362,0.7500074379617175,search_evals/sweep_prefix_003_d16_2x/top_aware_k1_a1_bsz524288_lr0p005_s42/result.json
d16,524288,512K,1.0,0.005,15150,0.986328125,2.504382989780076,0.7500074379617175,search_evals/sweep_prefix_003_d16_2x/top_aware_k1_a1_bsz524288_lr0p005_s42/result.json
d16,524288,512K,1.0,0.005,15200,0.9895833333333334,2.5057826999565767,0.7500074379617175,search_evals/sweep_prefix_003_d16_2x/top_aware_k1_a1_bsz524288_lr0p005_s42/result.json
d16,524288,512K,1.0,0.005,15250,0.9928385416666666,2.492725666091123,0.7500074379617175,search_evals/sweep_prefix_003_d16_2x/top_aware_k1_a1_bsz524288_lr0p005_s42/result.json
d16,524288,512K,1.0,0.005,15300,0.99609375,2.4937314059066296,0.7500074379617175,search_evals/sweep_prefix_003_d16_2x/top_aware_k1_a1_bsz524288_lr0p005_s42/result.json
d16,524288,512K,1.0,0.005,15350,0.9993489583333334,2.497216979418091,0.7500074379617175,search_evals/sweep_prefix_003_d16_2x/top_aware_k1_a1_bsz524288_lr0p005_s42/result.json
d16,2097152,2M,0.5,0.0075,0,0.0,10.398113250732422,0.7539155657157965,search_evals/sweep_prefix_003_d16_2x/top_aware_k1_a0p5_bsz2097152_lr0p0075_s42/result.json
d16,2097152,2M,0.5,0.0075,50,0.013020833333333334,5.75624153722193,0.7539155657157965,search_evals/sweep_prefix_003_d16_2x/top_aware_k1_a0p5_bsz2097152_lr0p0075_s42/result.json
d16,2097152,2M,0.5,0.0075,100,0.026041666666666668,5.036217220283923,0.7539155657157965,search_evals/sweep_prefix_003_d16_2x/top_aware_k1_a0p5_bsz2097152_lr0p0075_s42/result.json
d16,2097152,2M,0.5,0.0075,150,0.0390625,4.195432577567733,0.7539155657157965,search_evals/sweep_prefix_003_d16_2x/top_aware_k1_a0p5_bsz2097152_lr0p0075_s42/result.json
d16,2097152,2M,0.5,0.0075,200,0.052083333333333336,3.7591731412461793,0.7539155657157965,search_evals/sweep_prefix_003_d16_2x/top_aware_k1_a0p5_bsz2097152_lr0p0075_s42/result.json
d16,2097152,2M,0.5,0.0075,250,0.06510416666666667,3.490321264730625,0.7539155657157965,search_evals/sweep_prefix_003_d16_2x/top_aware_k1_a0p5_bsz2097152_lr0p0075_s42/result.json
d16,2097152,2M,0.5,0.0075,300,0.078125,3.3447828144924845,0.7539155657157965,search_evals/sweep_prefix_003_d16_2x/top_aware_k1_a0p5_bsz2097152_lr0p0075_s42/result.json
d16,2097152,2M,0.5,0.0075,350,0.09114583333333333,3.2584665955685876,0.7539155657157965,search_evals/sweep_prefix_003_d16_2x/top_aware_k1_a0p5_bsz2097152_lr0p0075_s42/result.json
d16,2097152,2M,0.5,0.0075,400,0.10416666666666667,3.194165019990979,0.7539155657157965,search_evals/sweep_prefix_003_d16_2x/top_aware_k1_a0p5_bsz2097152_lr0p0075_s42/result.json
d16,2097152,2M,0.5,0.0075,450,0.1171875,3.1325067293581257,0.7539155657157965,search_evals/sweep_prefix_003_d16_2x/top_aware_k1_a0p5_bsz2097152_lr0p0075_s42/result.json
d16,2097152,2M,0.5,0.0075,500,0.13020833333333334,3.0890112905582785,0.7539155657157965,search_evals/sweep_prefix_003_d16_2x/top_aware_k1_a0p5_bsz2097152_lr0p0075_s42/result.json
d16,2097152,2M,0.5,0.0075,550,0.14322916666666666,3.052574272181297,0.7539155657157965,search_evals/sweep_prefix_003_d16_2x/top_aware_k1_a0p5_bsz2097152_lr0p0075_s42/result.json
d16,2097152,2M,0.5,0.0075,600,0.15625,3.029293847493687,0.7539155657157965,search_evals/sweep_prefix_003_d16_2x/top_aware_k1_a0p5_bsz2097152_lr0p0075_s42/result.json
d16,2097152,2M,0.5,0.0075,650,0.16927083333333334,3.01041972348719,0.7539155657157965,search_evals/sweep_prefix_003_d16_2x/top_aware_k1_a0p5_bsz2097152_lr0p0075_s42/result.json
d16,2097152,2M,0.5,0.0075,700,0.18229166666666666,2.991845852299897,0.7539155657157965,search_evals/sweep_prefix_003_d16_2x/top_aware_k1_a0p5_bsz2097152_lr0p0075_s42/result.json
d16,2097152,2M,0.5,0.0075,750,0.1953125,2.9801683889905104,0.7539155657157965,search_evals/sweep_prefix_003_d16_2x/top_aware_k1_a0p5_bsz2097152_lr0p0075_s42/result.json
d16,2097152,2M,0.5,0.0075,800,0.20833333333333334,2.9678835377684676,0.7539155657157965,search_evals/sweep_prefix_003_d16_2x/top_aware_k1_a0p5_bsz2097152_lr0p0075_s42/result.json
d16,2097152,2M,0.5,0.0075,850,0.22135416666666666,2.953115698983022,0.7539155657157965,search_evals/sweep_prefix_003_d16_2x/top_aware_k1_a0p5_bsz2097152_lr0p0075_s42/result.json
d16,2097152,2M,0.5,0.0075,900,0.234375,2.9436581605816605,0.7539155657157965,search_evals/sweep_prefix_003_d16_2x/top_aware_k1_a0p5_bsz2097152_lr0p0075_s42/result.json
d16,2097152,2M,0.5,0.0075,950,0.24739583333333334,2.935700507307706,0.7539155657157965,search_evals/sweep_prefix_003_d16_2x/top_aware_k1_a0p5_bsz2097152_lr0p0075_s42/result.json
d16,2097152,2M,0.5,0.0075,1000,0.2604166666666667,2.928445460575494,0.7539155657157965,search_evals/sweep_prefix_003_d16_2x/top_aware_k1_a0p5_bsz2097152_lr0p0075_s42/result.json
d16,2097152,2M,0.5,0.0075,1050,0.2734375,2.916705203496825,0.7539155657157965,search_evals/sweep_prefix_003_d16_2x/top_aware_k1_a0p5_bsz2097152_lr0p0075_s42/result.json
d16,2097152,2M,0.5,0.0075,1100,0.2864583333333333,2.914765193613646,0.7539155657157965,search_evals/sweep_prefix_003_d16_2x/top_aware_k1_a0p5_bsz2097152_lr0p0075_s42/result.json
d16,2097152,2M,0.5,0.0075,1150,0.2994791666666667,2.904468653484861,0.7539155657157965,search_evals/sweep_prefix_003_d16_2x/top_aware_k1_a0p5_bsz2097152_lr0p0075_s42/result.json
d16,2097152,2M,0.5,0.0075,1200,0.3125,2.9024214506326844,0.7539155657157965,search_evals/sweep_prefix_003_d16_2x/top_aware_k1_a0p5_bsz2097152_lr0p0075_s42/result.json
d16,2097152,2M,0.5,0.0075,1250,0.3255208333333333,2.894211639975228,0.7539155657157965,search_evals/sweep_prefix_003_d16_2x/top_aware_k1_a0p5_bsz2097152_lr0p0075_s42/result.json
d16,2097152,2M,0.5,0.0075,1300,0.3385416666666667,2.882131861075826,0.7539155657157965,search_evals/sweep_prefix_003_d16_2x/top_aware_k1_a0p5_bsz2097152_lr0p0075_s42/result.json
d16,2097152,2M,0.5,0.0075,1350,0.3515625,2.8855313683657493,0.7539155657157965,search_evals/sweep_prefix_003_d16_2x/top_aware_k1_a0p5_bsz2097152_lr0p0075_s42/result.json
d16,2097152,2M,0.5,0.0075,1400,0.3645833333333333,2.8670084503469786,0.7539155657157965,search_evals/sweep_prefix_003_d16_2x/top_aware_k1_a0p5_bsz2097152_lr0p0075_s42/result.json
d16,2097152,2M,0.5,0.0075,1450,0.3776041666666667,2.862193614299921,0.7539155657157965,search_evals/sweep_prefix_003_d16_2x/top_aware_k1_a0p5_bsz2097152_lr0p0075_s42/result.json
d16,2097152,2M,0.5,0.0075,1500,0.390625,2.8443901490877956,0.7539155657157965,search_evals/sweep_prefix_003_d16_2x/top_aware_k1_a0p5_bsz2097152_lr0p0075_s42/result.json
d16,2097152,2M,0.5,0.0075,1550,0.4036458333333333,2.8411955643108198,0.7539155657157965,search_evals/sweep_prefix_003_d16_2x/top_aware_k1_a0p5_bsz2097152_lr0p0075_s42/result.json
d16,2097152,2M,0.5,0.0075,1600,0.4166666666666667,2.832164523307478,0.7539155657157965,search_evals/sweep_prefix_003_d16_2x/top_aware_k1_a0p5_bsz2097152_lr0p0075_s42/result.json
d16,2097152,2M,0.5,0.0075,1650,0.4296875,2.821628666603763,0.7539155657157965,search_evals/sweep_prefix_003_d16_2x/top_aware_k1_a0p5_bsz2097152_lr0p0075_s42/result.json
d16,2097152,2M,0.5,0.0075,1700,0.4427083333333333,2.8133697955756447,0.7539155657157965,search_evals/sweep_prefix_003_d16_2x/top_aware_k1_a0p5_bsz2097152_lr0p0075_s42/result.json
d16,2097152,2M,0.5,0.0075,1750,0.4557291666666667,2.801558010095662,0.7539155657157965,search_evals/sweep_prefix_003_d16_2x/top_aware_k1_a0p5_bsz2097152_lr0p0075_s42/result.json
d16,2097152,2M,0.5,0.0075,1800,0.46875,2.79677587239821,0.7539155657157965,search_evals/sweep_prefix_003_d16_2x/top_aware_k1_a0p5_bsz2097152_lr0p0075_s42/result.json
d16,2097152,2M,0.5,0.0075,1850,0.4817708333333333,2.787787304365293,0.7539155657157965,search_evals/sweep_prefix_003_d16_2x/top_aware_k1_a0p5_bsz2097152_lr0p0075_s42/result.json
d16,2097152,2M,0.5,0.0075,1900,0.4947916666666667,2.7813182500191345,0.7539155657157965,search_evals/sweep_prefix_003_d16_2x/top_aware_k1_a0p5_bsz2097152_lr0p0075_s42/result.json
d16,2097152,2M,0.5,0.0075,1950,0.5078125,2.7729848435004842,0.7539155657157965,search_evals/sweep_prefix_003_d16_2x/top_aware_k1_a0p5_bsz2097152_lr0p0075_s42/result.json
d16,2097152,2M,0.5,0.0075,2000,0.5208333333333334,2.7660146884193546,0.7539155657157965,search_evals/sweep_prefix_003_d16_2x/top_aware_k1_a0p5_bsz2097152_lr0p0075_s42/result.json
d16,2097152,2M,0.5,0.0075,2050,0.5338541666666666,2.7589392087896463,0.7539155657157965,search_evals/sweep_prefix_003_d16_2x/top_aware_k1_a0p5_bsz2097152_lr0p0075_s42/result.json
d16,2097152,2M,0.5,0.0075,2100,0.546875,2.7495606853024963,0.7539155657157965,search_evals/sweep_prefix_003_d16_2x/top_aware_k1_a0p5_bsz2097152_lr0p0075_s42/result.json
d16,2097152,2M,0.5,0.0075,2150,0.5598958333333334,2.742426395119778,0.7539155657157965,search_evals/sweep_prefix_003_d16_2x/top_aware_k1_a0p5_bsz2097152_lr0p0075_s42/result.json
d16,2097152,2M,0.5,0.0075,2200,0.5729166666666666,2.7332392618288535,0.7539155657157965,search_evals/sweep_prefix_003_d16_2x/top_aware_k1_a0p5_bsz2097152_lr0p0075_s42/result.json
d16,2097152,2M,0.5,0.0075,2250,0.5859375,2.7277156118948973,0.7539155657157965,search_evals/sweep_prefix_003_d16_2x/top_aware_k1_a0p5_bsz2097152_lr0p0075_s42/result.json
d16,2097152,2M,0.5,0.0075,2300,0.5989583333333334,2.7185680191119435,0.7539155657157965,search_evals/sweep_prefix_003_d16_2x/top_aware_k1_a0p5_bsz2097152_lr0p0075_s42/result.json
d16,2097152,2M,0.5,0.0075,2350,0.6119791666666666,2.708472631426863,0.7539155657157965,search_evals/sweep_prefix_003_d16_2x/top_aware_k1_a0p5_bsz2097152_lr0p0075_s42/result.json
d16,2097152,2M,0.5,0.0075,2400,0.625,2.6964561134564446,0.7539155657157965,search_evals/sweep_prefix_003_d16_2x/top_aware_k1_a0p5_bsz2097152_lr0p0075_s42/result.json
d16,2097152,2M,0.5,0.0075,2450,0.6380208333333334,2.6894444487463134,0.7539155657157965,search_evals/sweep_prefix_003_d16_2x/top_aware_k1_a0p5_bsz2097152_lr0p0075_s42/result.json
d16,2097152,2M,0.5,0.0075,2500,0.6510416666666666,2.6848096756365494,0.7539155657157965,search_evals/sweep_prefix_003_d16_2x/top_aware_k1_a0p5_bsz2097152_lr0p0075_s42/result.json
d16,2097152,2M,0.5,0.0075,2550,0.6640625,2.6770354103063534,0.7539155657157965,search_evals/sweep_prefix_003_d16_2x/top_aware_k1_a0p5_bsz2097152_lr0p0075_s42/result.json
d16,2097152,2M,0.5,0.0075,2600,0.6770833333333334,2.669988346985796,0.7539155657157965,search_evals/sweep_prefix_003_d16_2x/top_aware_k1_a0p5_bsz2097152_lr0p0075_s42/result.json
d16,2097152,2M,0.5,0.0075,2650,0.6901041666666666,2.660845833774927,0.7539155657157965,search_evals/sweep_prefix_003_d16_2x/top_aware_k1_a0p5_bsz2097152_lr0p0075_s42/result.json
d16,2097152,2M,0.5,0.0075,2700,0.703125,2.652258400586431,0.7539155657157965,search_evals/sweep_prefix_003_d16_2x/top_aware_k1_a0p5_bsz2097152_lr0p0075_s42/result.json
d16,2097152,2M,0.5,0.0075,2750,0.7161458333333334,2.642914967687479,0.7539155657157965,search_evals/sweep_prefix_003_d16_2x/top_aware_k1_a0p5_bsz2097152_lr0p0075_s42/result.json
d16,2097152,2M,0.5,0.0075,2800,0.7291666666666666,2.6354064376569695,0.7539155657157965,search_evals/sweep_prefix_003_d16_2x/top_aware_k1_a0p5_bsz2097152_lr0p0075_s42/result.json
d16,2097152,2M,0.5,0.0075,2850,0.7421875,2.6290158697943715,0.7539155657157965,search_evals/sweep_prefix_003_d16_2x/top_aware_k1_a0p5_bsz2097152_lr0p0075_s42/result.json
d16,2097152,2M,0.5,0.0075,2900,0.7552083333333334,2.623912062889448,0.7539155657157965,search_evals/sweep_prefix_003_d16_2x/top_aware_k1_a0p5_bsz2097152_lr0p0075_s42/result.json
d16,2097152,2M,0.5,0.0075,2950,0.7682291666666666,2.6130838238324765,0.7539155657157965,search_evals/sweep_prefix_003_d16_2x/top_aware_k1_a0p5_bsz2097152_lr0p0075_s42/result.json
d16,2097152,2M,0.5,0.0075,3000,0.78125,2.607928174821152,0.7539155657157965,search_evals/sweep_prefix_003_d16_2x/top_aware_k1_a0p5_bsz2097152_lr0p0075_s42/result.json
d16,2097152,2M,0.5,0.0075,3050,0.7942708333333334,2.601604991989787,0.7539155657157965,search_evals/sweep_prefix_003_d16_2x/top_aware_k1_a0p5_bsz2097152_lr0p0075_s42/result.json
d16,2097152,2M,0.5,0.0075,3100,0.8072916666666666,2.5924068816328525,0.7539155657157965,search_evals/sweep_prefix_003_d16_2x/top_aware_k1_a0p5_bsz2097152_lr0p0075_s42/result.json
d16,2097152,2M,0.5,0.0075,3150,0.8203125,2.587172850311395,0.7539155657157965,search_evals/sweep_prefix_003_d16_2x/top_aware_k1_a0p5_bsz2097152_lr0p0075_s42/result.json
d16,2097152,2M,0.5,0.0075,3200,0.8333333333333334,2.583037064738591,0.7539155657157965,search_evals/sweep_prefix_003_d16_2x/top_aware_k1_a0p5_bsz2097152_lr0p0075_s42/result.json
d16,2097152,2M,0.5,0.0075,3250,0.8463541666666666,2.5715290154668864,0.7539155657157965,search_evals/sweep_prefix_003_d16_2x/top_aware_k1_a0p5_bsz2097152_lr0p0075_s42/result.json
d16,2097152,2M,0.5,0.0075,3300,0.859375,2.5700846864442983,0.7539155657157965,search_evals/sweep_prefix_003_d16_2x/top_aware_k1_a0p5_bsz2097152_lr0p0075_s42/result.json
d16,2097152,2M,0.5,0.0075,3350,0.8723958333333334,2.5648547222578486,0.7539155657157965,search_evals/sweep_prefix_003_d16_2x/top_aware_k1_a0p5_bsz2097152_lr0p0075_s42/result.json
d16,2097152,2M,0.5,0.0075,3400,0.8854166666666666,2.5543888259805407,0.7539155657157965,search_evals/sweep_prefix_003_d16_2x/top_aware_k1_a0p5_bsz2097152_lr0p0075_s42/result.json
d16,2097152,2M,0.5,0.0075,3450,0.8984375,2.548592384133705,0.7539155657157965,search_evals/sweep_prefix_003_d16_2x/top_aware_k1_a0p5_bsz2097152_lr0p0075_s42/result.json
d16,2097152,2M,0.5,0.0075,3500,0.9114583333333334,2.5415875811819646,0.7539155657157965,search_evals/sweep_prefix_003_d16_2x/top_aware_k1_a0p5_bsz2097152_lr0p0075_s42/result.json
d16,2097152,2M,0.5,0.0075,3550,0.9244791666666666,2.541171609050534,0.7539155657157965,search_evals/sweep_prefix_003_d16_2x/top_aware_k1_a0p5_bsz2097152_lr0p0075_s42/result.json
d16,2097152,2M,0.5,0.0075,3600,0.9375,2.52813622120868,0.7539155657157965,search_evals/sweep_prefix_003_d16_2x/top_aware_k1_a0p5_bsz2097152_lr0p0075_s42/result.json
d16,2097152,2M,0.5,0.0075,3650,0.9505208333333334,2.5270450843884102,0.7539155657157965,search_evals/sweep_prefix_003_d16_2x/top_aware_k1_a0p5_bsz2097152_lr0p0075_s42/result.json
d16,2097152,2M,0.5,0.0075,3700,0.9635416666666666,2.527469835813676,0.7539155657157965,search_evals/sweep_prefix_003_d16_2x/top_aware_k1_a0p5_bsz2097152_lr0p0075_s42/result.json
d16,2097152,2M,0.5,0.0075,3750,0.9765625,2.5200275412938775,0.7539155657157965,search_evals/sweep_prefix_003_d16_2x/top_aware_k1_a0p5_bsz2097152_lr0p0075_s42/result.json
d16,2097152,2M,0.5,0.0075,3800,0.9895833333333334,2.5153729200387493,0.7539155657157965,search_evals/sweep_prefix_003_d16_2x/top_aware_k1_a0p5_bsz2097152_lr0p0075_s42/result.json
d16,2097152,2M,1.0,0.005,0,0.0,10.398113250732422,0.7529862840032843,search_evals/sweep_prefix_003_d16_2x/top_aware_k1_a1_bsz2097152_lr0p005_s42/result.json
d16,2097152,2M,1.0,0.005,50,0.013020833333333334,5.781877686284223,0.7529862840032843,search_evals/sweep_prefix_003_d16_2x/top_aware_k1_a1_bsz2097152_lr0p005_s42/result.json
d16,2097152,2M,1.0,0.005,100,0.026041666666666668,5.191286323108763,0.7529862840032843,search_evals/sweep_prefix_003_d16_2x/top_aware_k1_a1_bsz2097152_lr0p005_s42/result.json
d16,2097152,2M,1.0,0.005,150,0.0390625,4.387343065223319,0.7529862840032843,search_evals/sweep_prefix_003_d16_2x/top_aware_k1_a1_bsz2097152_lr0p005_s42/result.json
d16,2097152,2M,1.0,0.005,200,0.052083333333333336,3.9013295056727544,0.7529862840032843,search_evals/sweep_prefix_003_d16_2x/top_aware_k1_a1_bsz2097152_lr0p005_s42/result.json
d16,2097152,2M,1.0,0.005,250,0.06510416666666667,3.579982380260146,0.7529862840032843,search_evals/sweep_prefix_003_d16_2x/top_aware_k1_a1_bsz2097152_lr0p005_s42/result.json
d16,2097152,2M,1.0,0.005,300,0.078125,3.417083128585509,0.7529862840032843,search_evals/sweep_prefix_003_d16_2x/top_aware_k1_a1_bsz2097152_lr0p005_s42/result.json
d16,2097152,2M,1.0,0.005,350,0.09114583333333333,3.28979007548157,0.7529862840032843,search_evals/sweep_prefix_003_d16_2x/top_aware_k1_a1_bsz2097152_lr0p005_s42/result.json
d16,2097152,2M,1.0,0.005,400,0.10416666666666667,3.2139263171069343,0.7529862840032843,search_evals/sweep_prefix_003_d16_2x/top_aware_k1_a1_bsz2097152_lr0p005_s42/result.json
d16,2097152,2M,1.0,0.005,450,0.1171875,3.153447716251173,0.7529862840032843,search_evals/sweep_prefix_003_d16_2x/top_aware_k1_a1_bsz2097152_lr0p005_s42/result.json
d16,2097152,2M,1.0,0.005,500,0.13020833333333334,3.091046517436676,0.7529862840032843,search_evals/sweep_prefix_003_d16_2x/top_aware_k1_a1_bsz2097152_lr0p005_s42/result.json
d16,2097152,2M,1.0,0.005,550,0.14322916666666666,3.0551662364127647,0.7529862840032843,search_evals/sweep_prefix_003_d16_2x/top_aware_k1_a1_bsz2097152_lr0p005_s42/result.json
d16,2097152,2M,1.0,0.005,600,0.15625,3.0273639691400978,0.7529862840032843,search_evals/sweep_prefix_003_d16_2x/top_aware_k1_a1_bsz2097152_lr0p005_s42/result.json
d16,2097152,2M,1.0,0.005,650,0.16927083333333334,3.000351891632538,0.7529862840032843,search_evals/sweep_prefix_003_d16_2x/top_aware_k1_a1_bsz2097152_lr0p005_s42/result.json
d16,2097152,2M,1.0,0.005,700,0.18229166666666666,2.9768631930728384,0.7529862840032843,search_evals/sweep_prefix_003_d16_2x/top_aware_k1_a1_bsz2097152_lr0p005_s42/result.json
d16,2097152,2M,1.0,0.005,750,0.1953125,2.9621920567210176,0.7529862840032843,search_evals/sweep_prefix_003_d16_2x/top_aware_k1_a1_bsz2097152_lr0p005_s42/result.json
d16,2097152,2M,1.0,0.005,800,0.20833333333333334,2.945702682231248,0.7529862840032843,search_evals/sweep_prefix_003_d16_2x/top_aware_k1_a1_bsz2097152_lr0p005_s42/result.json
d16,2097152,2M,1.0,0.005,850,0.22135416666666666,2.9310437985070465,0.7529862840032843,search_evals/sweep_prefix_003_d16_2x/top_aware_k1_a1_bsz2097152_lr0p005_s42/result.json
d16,2097152,2M,1.0,0.005,900,0.234375,2.9196854763494215,0.7529862840032843,search_evals/sweep_prefix_003_d16_2x/top_aware_k1_a1_bsz2097152_lr0p005_s42/result.json
d16,2097152,2M,1.0,0.005,950,0.24739583333333334,2.910973278514075,0.7529862840032843,search_evals/sweep_prefix_003_d16_2x/top_aware_k1_a1_bsz2097152_lr0p005_s42/result.json
d16,2097152,2M,1.0,0.005,1000,0.2604166666666667,2.8994882119212635,0.7529862840032843,search_evals/sweep_prefix_003_d16_2x/top_aware_k1_a1_bsz2097152_lr0p005_s42/result.json
d16,2097152,2M,1.0,0.005,1050,0.2734375,2.888703348638084,0.7529862840032843,search_evals/sweep_prefix_003_d16_2x/top_aware_k1_a1_bsz2097152_lr0p005_s42/result.json
d16,2097152,2M,1.0,0.005,1100,0.2864583333333333,2.883328650376442,0.7529862840032843,search_evals/sweep_prefix_003_d16_2x/top_aware_k1_a1_bsz2097152_lr0p005_s42/result.json
d16,2097152,2M,1.0,0.005,1150,0.2994791666666667,2.8696323860535515,0.7529862840032843,search_evals/sweep_prefix_003_d16_2x/top_aware_k1_a1_bsz2097152_lr0p005_s42/result.json
d16,2097152,2M,1.0,0.005,1200,0.3125,2.849528325454461,0.7529862840032843,search_evals/sweep_prefix_003_d16_2x/top_aware_k1_a1_bsz2097152_lr0p005_s42/result.json
d16,2097152,2M,1.0,0.005,1250,0.3255208333333333,2.753885073788485,0.7529862840032843,search_evals/sweep_prefix_003_d16_2x/top_aware_k1_a1_bsz2097152_lr0p005_s42/result.json
d16,2097152,2M,1.0,0.005,1300,0.3385416666666667,2.782549382604539,0.7529862840032843,search_evals/sweep_prefix_003_d16_2x/top_aware_k1_a1_bsz2097152_lr0p005_s42/result.json
d16,2097152,2M,1.0,0.005,1350,0.3515625,2.8540391318429097,0.7529862840032843,search_evals/sweep_prefix_003_d16_2x/top_aware_k1_a1_bsz2097152_lr0p005_s42/result.json
d16,2097152,2M,1.0,0.005,1400,0.3645833333333333,2.8428268059746484,0.7529862840032843,search_evals/sweep_prefix_003_d16_2x/top_aware_k1_a1_bsz2097152_lr0p005_s42/result.json
d16,2097152,2M,1.0,0.005,1450,0.3776041666666667,2.8337909876436003,0.7529862840032843,search_evals/sweep_prefix_003_d16_2x/top_aware_k1_a1_bsz2097152_lr0p005_s42/result.json
d16,2097152,2M,1.0,0.005,1500,0.390625,2.8170987398742082,0.7529862840032843,search_evals/sweep_prefix_003_d16_2x/top_aware_k1_a1_bsz2097152_lr0p005_s42/result.json
d16,2097152,2M,1.0,0.005,1550,0.4036458333333333,2.80693459647643,0.7529862840032843,search_evals/sweep_prefix_003_d16_2x/top_aware_k1_a1_bsz2097152_lr0p005_s42/result.json
d16,2097152,2M,1.0,0.005,1600,0.4166666666666667,2.7913223030039305,0.7529862840032843,search_evals/sweep_prefix_003_d16_2x/top_aware_k1_a1_bsz2097152_lr0p005_s42/result.json
d16,2097152,2M,1.0,0.005,1650,0.4296875,2.7910999488763277,0.7529862840032843,search_evals/sweep_prefix_003_d16_2x/top_aware_k1_a1_bsz2097152_lr0p005_s42/result.json
d16,2097152,2M,1.0,0.005,1700,0.4427083333333333,2.7783615085474422,0.7529862840032843,search_evals/sweep_prefix_003_d16_2x/top_aware_k1_a1_bsz2097152_lr0p005_s42/result.json
d16,2097152,2M,1.0,0.005,1750,0.4557291666666667,2.7684300048191113,0.7529862840032843,search_evals/sweep_prefix_003_d16_2x/top_aware_k1_a1_bsz2097152_lr0p005_s42/result.json
d16,2097152,2M,1.0,0.005,1800,0.46875,2.7600405356867532,0.7529862840032843,search_evals/sweep_prefix_003_d16_2x/top_aware_k1_a1_bsz2097152_lr0p005_s42/result.json
d16,2097152,2M,1.0,0.005,1850,0.4817708333333333,2.758942352986489,0.7529862840032843,search_evals/sweep_prefix_003_d16_2x/top_aware_k1_a1_bsz2097152_lr0p005_s42/result.json
d16,2097152,2M,1.0,0.005,1900,0.4947916666666667,2.7438002764226557,0.7529862840032843,search_evals/sweep_prefix_003_d16_2x/top_aware_k1_a1_bsz2097152_lr0p005_s42/result.json
d16,2097152,2M,1.0,0.005,1950,0.5078125,2.739590494229537,0.7529862840032843,search_evals/sweep_prefix_003_d16_2x/top_aware_k1_a1_bsz2097152_lr0p005_s42/result.json
d16,2097152,2M,1.0,0.005,2000,0.5208333333333334,2.7262166931808784,0.7529862840032843,search_evals/sweep_prefix_003_d16_2x/top_aware_k1_a1_bsz2097152_lr0p005_s42/result.json
d16,2097152,2M,1.0,0.005,2050,0.5338541666666666,2.723556415723439,0.7529862840032843,search_evals/sweep_prefix_003_d16_2x/top_aware_k1_a1_bsz2097152_lr0p005_s42/result.json
d16,2097152,2M,1.0,0.005,2100,0.546875,2.716665142749757,0.7529862840032843,search_evals/sweep_prefix_003_d16_2x/top_aware_k1_a1_bsz2097152_lr0p005_s42/result.json
d16,2097152,2M,1.0,0.005,2150,0.5598958333333334,2.7091982815405253,0.7529862840032843,search_evals/sweep_prefix_003_d16_2x/top_aware_k1_a1_bsz2097152_lr0p005_s42/result.json
d16,2097152,2M,1.0,0.005,2200,0.5729166666666666,2.7048940407530937,0.7529862840032843,search_evals/sweep_prefix_003_d16_2x/top_aware_k1_a1_bsz2097152_lr0p005_s42/result.json
d16,2097152,2M,1.0,0.005,2250,0.5859375,2.697881118477338,0.7529862840032843,search_evals/sweep_prefix_003_d16_2x/top_aware_k1_a1_bsz2097152_lr0p005_s42/result.json
d16,2097152,2M,1.0,0.005,2300,0.5989583333333334,2.6849258259122566,0.7529862840032843,search_evals/sweep_prefix_003_d16_2x/top_aware_k1_a1_bsz2097152_lr0p005_s42/result.json
d16,2097152,2M,1.0,0.005,2350,0.6119791666666666,2.681853733169735,0.7529862840032843,search_evals/sweep_prefix_003_d16_2x/top_aware_k1_a1_bsz2097152_lr0p005_s42/result.json
d16,2097152,2M,1.0,0.005,2400,0.625,2.67138294911414,0.7529862840032843,search_evals/sweep_prefix_003_d16_2x/top_aware_k1_a1_bsz2097152_lr0p005_s42/result.json
d16,2097152,2M,1.0,0.005,2450,0.6380208333333334,2.664044706050447,0.7529862840032843,search_evals/sweep_prefix_003_d16_2x/top_aware_k1_a1_bsz2097152_lr0p005_s42/result.json
d16,2097152,2M,1.0,0.005,2500,0.6510416666666666,2.658608342462008,0.7529862840032843,search_evals/sweep_prefix_003_d16_2x/top_aware_k1_a1_bsz2097152_lr0p005_s42/result.json
d16,2097152,2M,1.0,0.005,2550,0.6640625,2.652934504056264,0.7529862840032843,search_evals/sweep_prefix_003_d16_2x/top_aware_k1_a1_bsz2097152_lr0p005_s42/result.json
d16,2097152,2M,1.0,0.005,2600,0.6770833333333334,2.649658248346296,0.7529862840032843,search_evals/sweep_prefix_003_d16_2x/top_aware_k1_a1_bsz2097152_lr0p005_s42/result.json
d16,2097152,2M,1.0,0.005,2650,0.6901041666666666,2.635497028020561,0.7529862840032843,search_evals/sweep_prefix_003_d16_2x/top_aware_k1_a1_bsz2097152_lr0p005_s42/result.json
d16,2097152,2M,1.0,0.005,2700,0.703125,2.6274927697466657,0.7529862840032843,search_evals/sweep_prefix_003_d16_2x/top_aware_k1_a1_bsz2097152_lr0p005_s42/result.json
d16,2097152,2M,1.0,0.005,2750,0.7161458333333334,2.623785081080948,0.7529862840032843,search_evals/sweep_prefix_003_d16_2x/top_aware_k1_a1_bsz2097152_lr0p005_s42/result.json
d16,2097152,2M,1.0,0.005,2800,0.7291666666666666,2.616369498775631,0.7529862840032843,search_evals/sweep_prefix_003_d16_2x/top_aware_k1_a1_bsz2097152_lr0p005_s42/result.json
d16,2097152,2M,1.0,0.005,2850,0.7421875,2.612043033053063,0.7529862840032843,search_evals/sweep_prefix_003_d16_2x/top_aware_k1_a1_bsz2097152_lr0p005_s42/result.json
d16,2097152,2M,1.0,0.005,2900,0.7552083333333334,2.6020547734327737,0.7529862840032843,search_evals/sweep_prefix_003_d16_2x/top_aware_k1_a1_bsz2097152_lr0p005_s42/result.json
d16,2097152,2M,1.0,0.005,2950,0.7682291666666666,2.5976053439740645,0.7529862840032843,search_evals/sweep_prefix_003_d16_2x/top_aware_k1_a1_bsz2097152_lr0p005_s42/result.json
d16,2097152,2M,1.0,0.005,3000,0.78125,2.5899489409971865,0.7529862840032843,search_evals/sweep_prefix_003_d16_2x/top_aware_k1_a1_bsz2097152_lr0p005_s42/result.json
d16,2097152,2M,1.0,0.005,3050,0.7942708333333334,2.584766167931451,0.7529862840032843,search_evals/sweep_prefix_003_d16_2x/top_aware_k1_a1_bsz2097152_lr0p005_s42/result.json
d16,2097152,2M,1.0,0.005,3100,0.8072916666666666,2.5816235400908134,0.7529862840032843,search_evals/sweep_prefix_003_d16_2x/top_aware_k1_a1_bsz2097152_lr0p005_s42/result.json
d16,2097152,2M,1.0,0.005,3150,0.8203125,2.5714961309719992,0.7529862840032843,search_evals/sweep_prefix_003_d16_2x/top_aware_k1_a1_bsz2097152_lr0p005_s42/result.json
d16,2097152,2M,1.0,0.005,3200,0.8333333333333334,2.564774361016314,0.7529862840032843,search_evals/sweep_prefix_003_d16_2x/top_aware_k1_a1_bsz2097152_lr0p005_s42/result.json
d16,2097152,2M,1.0,0.005,3250,0.8463541666666666,2.565279142397985,0.7529862840032843,search_evals/sweep_prefix_003_d16_2x/top_aware_k1_a1_bsz2097152_lr0p005_s42/result.json
d16,2097152,2M,1.0,0.005,3300,0.859375,2.5566799631681745,0.7529862840032843,search_evals/sweep_prefix_003_d16_2x/top_aware_k1_a1_bsz2097152_lr0p005_s42/result.json
d16,2097152,2M,1.0,0.005,3350,0.8723958333333334,2.5512846354895777,0.7529862840032843,search_evals/sweep_prefix_003_d16_2x/top_aware_k1_a1_bsz2097152_lr0p005_s42/result.json
d16,2097152,2M,1.0,0.005,3400,0.8854166666666666,2.547602455127866,0.7529862840032843,search_evals/sweep_prefix_003_d16_2x/top_aware_k1_a1_bsz2097152_lr0p005_s42/result.json
d16,2097152,2M,1.0,0.005,3450,0.8984375,2.5414674512128728,0.7529862840032843,search_evals/sweep_prefix_003_d16_2x/top_aware_k1_a1_bsz2097152_lr0p005_s42/result.json
d16,2097152,2M,1.0,0.005,3500,0.9114583333333334,2.5372094078781817,0.7529862840032843,search_evals/sweep_prefix_003_d16_2x/top_aware_k1_a1_bsz2097152_lr0p005_s42/result.json
d16,2097152,2M,1.0,0.005,3550,0.9244791666666666,2.5304186858814597,0.7529862840032843,search_evals/sweep_prefix_003_d16_2x/top_aware_k1_a1_bsz2097152_lr0p005_s42/result.json
d16,2097152,2M,1.0,0.005,3600,0.9375,2.523736424996029,0.7529862840032843,search_evals/sweep_prefix_003_d16_2x/top_aware_k1_a1_bsz2097152_lr0p005_s42/result.json
d16,2097152,2M,1.0,0.005,3650,0.9505208333333334,2.5234160615270866,0.7529862840032843,search_evals/sweep_prefix_003_d16_2x/top_aware_k1_a1_bsz2097152_lr0p005_s42/result.json
d16,2097152,2M,1.0,0.005,3700,0.9635416666666666,2.5181210949059993,0.7529862840032843,search_evals/sweep_prefix_003_d16_2x/top_aware_k1_a1_bsz2097152_lr0p005_s42/result.json
d16,2097152,2M,1.0,0.005,3750,0.9765625,2.5141394692306545,0.7529862840032843,search_evals/sweep_prefix_003_d16_2x/top_aware_k1_a1_bsz2097152_lr0p005_s42/result.json
d16,2097152,2M,1.0,0.005,3800,0.9895833333333334,2.511311275190535,0.7529862840032843,search_evals/sweep_prefix_003_d16_2x/top_aware_k1_a1_bsz2097152_lr0p005_s42/result.json
d16,8388608,8M,0.5,0.015,0,0.0,10.398115158081055,0.7964303670951134,search_evals/sweep_prefix_003_d16_2x/top_aware_k1_a0p5_bsz8388608_lr0p015_s42/result.json
d16,8388608,8M,0.5,0.015,50,0.052083333333333336,5.408607349836145,0.7964303670951134,search_evals/sweep_prefix_003_d16_2x/top_aware_k1_a0p5_bsz8388608_lr0p015_s42/result.json
d16,8388608,8M,0.5,0.015,100,0.10416666666666667,4.023735548493014,0.7964303670951134,search_evals/sweep_prefix_003_d16_2x/top_aware_k1_a0p5_bsz8388608_lr0p015_s42/result.json
d16,8388608,8M,0.5,0.015,150,0.15625,3.603571387174083,0.7964303670951134,search_evals/sweep_prefix_003_d16_2x/top_aware_k1_a0p5_bsz8388608_lr0p015_s42/result.json
d16,8388608,8M,0.5,0.015,200,0.20833333333333334,3.437570585390753,0.7964303670951134,search_evals/sweep_prefix_003_d16_2x/top_aware_k1_a0p5_bsz8388608_lr0p015_s42/result.json
d16,8388608,8M,0.5,0.015,250,0.2604166666666667,3.292621727836935,0.7964303670951134,search_evals/sweep_prefix_003_d16_2x/top_aware_k1_a0p5_bsz8388608_lr0p015_s42/result.json
d16,8388608,8M,0.5,0.015,300,0.3125,3.217536631034135,0.7964303670951134,search_evals/sweep_prefix_003_d16_2x/top_aware_k1_a0p5_bsz8388608_lr0p015_s42/result.json
d16,8388608,8M,0.5,0.015,350,0.3645833333333333,3.1582042325058093,0.7964303670951134,search_evals/sweep_prefix_003_d16_2x/top_aware_k1_a0p5_bsz8388608_lr0p015_s42/result.json
d16,8388608,8M,0.5,0.015,400,0.4166666666666667,3.1032447548889763,0.7964303670951134,search_evals/sweep_prefix_003_d16_2x/top_aware_k1_a0p5_bsz8388608_lr0p015_s42/result.json
d16,8388608,8M,0.5,0.015,450,0.46875,3.0528309393860416,0.7964303670951134,search_evals/sweep_prefix_003_d16_2x/top_aware_k1_a0p5_bsz8388608_lr0p015_s42/result.json
d16,8388608,8M,0.5,0.015,500,0.5208333333333334,2.9988225359354286,0.7964303670951134,search_evals/sweep_prefix_003_d16_2x/top_aware_k1_a0p5_bsz8388608_lr0p015_s42/result.json
d16,8388608,8M,0.5,0.015,550,0.5729166666666666,2.948059881104499,0.7964303670951134,search_evals/sweep_prefix_003_d16_2x/top_aware_k1_a0p5_bsz8388608_lr0p015_s42/result.json
d16,8388608,8M,0.5,0.015,600,0.625,2.899030852030926,0.7964303670951134,search_evals/sweep_prefix_003_d16_2x/top_aware_k1_a0p5_bsz8388608_lr0p015_s42/result.json
d16,8388608,8M,0.5,0.015,650,0.6770833333333334,2.8549243095812207,0.7964303670951134,search_evals/sweep_prefix_003_d16_2x/top_aware_k1_a0p5_bsz8388608_lr0p015_s42/result.json
d16,8388608,8M,0.5,0.015,700,0.7291666666666666,2.808376944663813,0.7964303670951134,search_evals/sweep_prefix_003_d16_2x/top_aware_k1_a0p5_bsz8388608_lr0p015_s42/result.json
d16,8388608,8M,0.5,0.015,750,0.78125,2.7659445332886983,0.7964303670951134,search_evals/sweep_prefix_003_d16_2x/top_aware_k1_a0p5_bsz8388608_lr0p015_s42/result.json
d16,8388608,8M,0.5,0.015,800,0.8333333333333334,2.7315865974393874,0.7964303670951134,search_evals/sweep_prefix_003_d16_2x/top_aware_k1_a0p5_bsz8388608_lr0p015_s42/result.json
d16,8388608,8M,0.5,0.015,850,0.8854166666666666,2.6972324406891848,0.7964303670951134,search_evals/sweep_prefix_003_d16_2x/top_aware_k1_a0p5_bsz8388608_lr0p015_s42/result.json
d16,8388608,8M,0.5,0.015,900,0.9375,2.6698035331114625,0.7964303670951134,search_evals/sweep_prefix_003_d16_2x/top_aware_k1_a0p5_bsz8388608_lr0p015_s42/result.json
d16,8388608,8M,0.5,0.015,950,0.9895833333333334,2.650363167324245,0.7964303670951134,search_evals/sweep_prefix_003_d16_2x/top_aware_k1_a0p5_bsz8388608_lr0p015_s42/result.json
d16,8388608,8M,1.0,0.0075,0,0.0,10.398115158081055,0.7937607744140927,search_evals/sweep_prefix_003_d16_2x/top_aware_k1_a1_bsz8388608_lr0p0075_s42/result.json
d16,8388608,8M,1.0,0.0075,50,0.052083333333333336,5.620737609257352,0.7937607744140927,search_evals/sweep_prefix_003_d16_2x/top_aware_k1_a1_bsz8388608_lr0p0075_s42/result.json
d16,8388608,8M,1.0,0.0075,100,0.10416666666666667,4.340682101344762,0.7937607744140927,search_evals/sweep_prefix_003_d16_2x/top_aware_k1_a1_bsz8388608_lr0p0075_s42/result.json
d16,8388608,8M,1.0,0.0075,150,0.15625,3.731427888478342,0.7937607744140927,search_evals/sweep_prefix_003_d16_2x/top_aware_k1_a1_bsz8388608_lr0p0075_s42/result.json
d16,8388608,8M,1.0,0.0075,200,0.20833333333333334,3.4542052712825124,0.7937607744140927,search_evals/sweep_prefix_003_d16_2x/top_aware_k1_a1_bsz8388608_lr0p0075_s42/result.json
d16,8388608,8M,1.0,0.0075,250,0.2604166666666667,3.271950258297124,0.7937607744140927,search_evals/sweep_prefix_003_d16_2x/top_aware_k1_a1_bsz8388608_lr0p0075_s42/result.json
d16,8388608,8M,1.0,0.0075,300,0.3125,3.167556819744549,0.7937607744140927,search_evals/sweep_prefix_003_d16_2x/top_aware_k1_a1_bsz8388608_lr0p0075_s42/result.json
d16,8388608,8M,1.0,0.0075,350,0.3645833333333333,3.095651096125985,0.7937607744140927,search_evals/sweep_prefix_003_d16_2x/top_aware_k1_a1_bsz8388608_lr0p0075_s42/result.json
d16,8388608,8M,1.0,0.0075,400,0.4166666666666667,3.028163491708638,0.7937607744140927,search_evals/sweep_prefix_003_d16_2x/top_aware_k1_a1_bsz8388608_lr0p0075_s42/result.json
d16,8388608,8M,1.0,0.0075,450,0.46875,2.972608925823305,0.7937607744140927,search_evals/sweep_prefix_003_d16_2x/top_aware_k1_a1_bsz8388608_lr0p0075_s42/result.json
d16,8388608,8M,1.0,0.0075,500,0.5208333333333334,2.9282652274809524,0.7937607744140927,search_evals/sweep_prefix_003_d16_2x/top_aware_k1_a1_bsz8388608_lr0p0075_s42/result.json
d16,8388608,8M,1.0,0.0075,550,0.5729166666666666,2.8823141167576205,0.7937607744140927,search_evals/sweep_prefix_003_d16_2x/top_aware_k1_a1_bsz8388608_lr0p0075_s42/result.json
d16,8388608,8M,1.0,0.0075,600,0.625,2.839973548276726,0.7937607744140927,search_evals/sweep_prefix_003_d16_2x/top_aware_k1_a1_bsz8388608_lr0p0075_s42/result.json
d16,8388608,8M,1.0,0.0075,650,0.6770833333333334,2.8032690886628013,0.7937607744140927,search_evals/sweep_prefix_003_d16_2x/top_aware_k1_a1_bsz8388608_lr0p0075_s42/result.json
d16,8388608,8M,1.0,0.0075,700,0.7291666666666666,2.766053510608101,0.7937607744140927,search_evals/sweep_prefix_003_d16_2x/top_aware_k1_a1_bsz8388608_lr0p0075_s42/result.json
d16,8388608,8M,1.0,0.0075,750,0.78125,2.732286387049058,0.7937607744140927,search_evals/sweep_prefix_003_d16_2x/top_aware_k1_a1_bsz8388608_lr0p0075_s42/result.json
d16,8388608,8M,1.0,0.0075,800,0.8333333333333334,2.7069074817111334,0.7937607744140927,search_evals/sweep_prefix_003_d16_2x/top_aware_k1_a1_bsz8388608_lr0p0075_s42/result.json
d16,8388608,8M,1.0,0.0075,850,0.8854166666666666,2.6795513607807275,0.7937607744140927,search_evals/sweep_prefix_003_d16_2x/top_aware_k1_a1_bsz8388608_lr0p0075_s42/result.json
d16,8388608,8M,1.0,0.0075,900,0.9375,2.658067071080225,0.7937607744140927,search_evals/sweep_prefix_003_d16_2x/top_aware_k1_a1_bsz8388608_lr0p0075_s42/result.json
d16,8388608,8M,1.0,0.0075,950,0.9895833333333334,2.6430845546019355,0.7937607744140927,search_evals/sweep_prefix_003_d16_2x/top_aware_k1_a1_bsz8388608_lr0p0075_s42/result.json
